
D:\HTI\NTI\EmbeddedTasks\Atmega128\scr\ATMEGA128\release\ultrs.elf:     file format elf32-avr

Sections:
Idx Name          Size      VMA       LMA       File off  Algn
  0 .data         00000014  00800100  00001c96  00001d2a  2**0
                  CONTENTS, ALLOC, LOAD, DATA
  1 .text         00001c96  00000000  00000000  00000094  2**1
                  CONTENTS, ALLOC, LOAD, READONLY, CODE
  2 .bss          00000025  00800114  00800114  00001d3e  2**0
                  ALLOC
  3 .comment      0000002f  00000000  00000000  00001d3e  2**0
                  CONTENTS, READONLY
  4 .note.gnu.avr.deviceinfo 0000003c  00000000  00000000  00001d70  2**2
                  CONTENTS, READONLY, OCTETS
  5 .debug_info   00000780  00000000  00000000  00001dac  2**0
                  CONTENTS, READONLY, DEBUGGING, OCTETS
  6 .debug_abbrev 00000718  00000000  00000000  0000252c  2**0
                  CONTENTS, READONLY, DEBUGGING, OCTETS
  7 .debug_line   0000001d  00000000  00000000  00002c44  2**0
                  CONTENTS, READONLY, DEBUGGING, OCTETS
  8 .debug_str    0000027d  00000000  00000000  00002c61  2**0
                  CONTENTS, READONLY, DEBUGGING, OCTETS

Disassembly of section .text:

00000000 <__vectors>:
       0:	0c 94 46 00 	jmp	0x8c	; 0x8c <__ctors_end>
       4:	0c 94 65 00 	jmp	0xca	; 0xca <__bad_interrupt>
       8:	0c 94 65 00 	jmp	0xca	; 0xca <__bad_interrupt>
       c:	0c 94 65 00 	jmp	0xca	; 0xca <__bad_interrupt>
      10:	0c 94 65 00 	jmp	0xca	; 0xca <__bad_interrupt>
      14:	0c 94 65 00 	jmp	0xca	; 0xca <__bad_interrupt>
      18:	0c 94 65 00 	jmp	0xca	; 0xca <__bad_interrupt>
      1c:	0c 94 65 00 	jmp	0xca	; 0xca <__bad_interrupt>
      20:	0c 94 65 00 	jmp	0xca	; 0xca <__bad_interrupt>
      24:	0c 94 65 00 	jmp	0xca	; 0xca <__bad_interrupt>
      28:	0c 94 65 00 	jmp	0xca	; 0xca <__bad_interrupt>
      2c:	0c 94 22 0a 	jmp	0x1444	; 0x1444 <__vector_11>
      30:	0c 94 4f 0a 	jmp	0x149e	; 0x149e <__vector_12>
      34:	0c 94 7c 0a 	jmp	0x14f8	; 0x14f8 <__vector_13>
      38:	0c 94 a9 0a 	jmp	0x1552	; 0x1552 <__vector_14>
      3c:	0c 94 65 00 	jmp	0xca	; 0xca <__bad_interrupt>
      40:	0c 94 65 00 	jmp	0xca	; 0xca <__bad_interrupt>
      44:	0c 94 65 00 	jmp	0xca	; 0xca <__bad_interrupt>
      48:	0c 94 65 00 	jmp	0xca	; 0xca <__bad_interrupt>
      4c:	0c 94 65 00 	jmp	0xca	; 0xca <__bad_interrupt>
      50:	0c 94 65 00 	jmp	0xca	; 0xca <__bad_interrupt>
      54:	0c 94 65 00 	jmp	0xca	; 0xca <__bad_interrupt>
      58:	0c 94 65 00 	jmp	0xca	; 0xca <__bad_interrupt>
      5c:	0c 94 65 00 	jmp	0xca	; 0xca <__bad_interrupt>
      60:	0c 94 d6 0a 	jmp	0x15ac	; 0x15ac <__vector_24>
      64:	0c 94 65 00 	jmp	0xca	; 0xca <__bad_interrupt>
      68:	0c 94 65 00 	jmp	0xca	; 0xca <__bad_interrupt>
      6c:	0c 94 65 00 	jmp	0xca	; 0xca <__bad_interrupt>
      70:	0c 94 65 00 	jmp	0xca	; 0xca <__bad_interrupt>
      74:	0c 94 65 00 	jmp	0xca	; 0xca <__bad_interrupt>
      78:	0c 94 65 00 	jmp	0xca	; 0xca <__bad_interrupt>
      7c:	0c 94 65 00 	jmp	0xca	; 0xca <__bad_interrupt>
      80:	0c 94 65 00 	jmp	0xca	; 0xca <__bad_interrupt>
      84:	0c 94 65 00 	jmp	0xca	; 0xca <__bad_interrupt>
      88:	0c 94 65 00 	jmp	0xca	; 0xca <__bad_interrupt>

0000008c <__ctors_end>:
      8c:	11 24       	eor	r1, r1
      8e:	1f be       	out	0x3f, r1	; 63
      90:	cf ef       	ldi	r28, 0xFF	; 255
      92:	d0 e1       	ldi	r29, 0x10	; 16
      94:	de bf       	out	0x3e, r29	; 62
      96:	cd bf       	out	0x3d, r28	; 61

00000098 <__do_copy_data>:
      98:	11 e0       	ldi	r17, 0x01	; 1

0000009a <.Loc.1>:
      9a:	a0 e0       	ldi	r26, 0x00	; 0

0000009c <.Loc.2>:
      9c:	b1 e0       	ldi	r27, 0x01	; 1

0000009e <.Loc.3>:
      9e:	e6 e9       	ldi	r30, 0x96	; 150

000000a0 <.Loc.4>:
      a0:	fc e1       	ldi	r31, 0x1C	; 28

000000a2 <.Loc.5>:
      a2:	00 e0       	ldi	r16, 0x00	; 0

000000a4 <.Loc.6>:
      a4:	0b bf       	out	0x3b, r16	; 59

000000a6 <.Loc.7>:
      a6:	02 c0       	rjmp	.+4      	; 0xac <.L__do_copy_data_start>

000000a8 <.L__do_copy_data_loop>:
      a8:	07 90       	elpm	r0, Z+

000000aa <.Loc.9>:
      aa:	0d 92       	st	X+, r0

000000ac <.L__do_copy_data_start>:
      ac:	a4 31       	cpi	r26, 0x14	; 20

000000ae <.Loc.11>:
      ae:	b1 07       	cpc	r27, r17

000000b0 <.Loc.12>:
      b0:	d9 f7       	brne	.-10     	; 0xa8 <.L__do_copy_data_loop>

000000b2 <__do_clear_bss>:
      b2:	21 e0       	ldi	r18, 0x01	; 1

000000b4 <.Loc.1>:
      b4:	a4 e1       	ldi	r26, 0x14	; 20

000000b6 <.Loc.2>:
      b6:	b1 e0       	ldi	r27, 0x01	; 1

000000b8 <.Loc.3>:
      b8:	01 c0       	rjmp	.+2      	; 0xbc <.Loc.5>

000000ba <.Loc.4>:
      ba:	1d 92       	st	X+, r1

000000bc <.Loc.5>:
      bc:	a9 33       	cpi	r26, 0x39	; 57

000000be <.Loc.6>:
      be:	b2 07       	cpc	r27, r18

000000c0 <.Loc.7>:
      c0:	e1 f7       	brne	.-8      	; 0xba <.Loc.4>

000000c2 <L0^A>:
      c2:	0e 94 03 0b 	call	0x1606	; 0x1606 <main>
      c6:	0c 94 f7 0d 	jmp	0x1bee	; 0x1bee <_exit>

000000ca <__bad_interrupt>:
      ca:	0c 94 00 00 	jmp	0	; 0x0 <__vectors>

000000ce <LCD_WriteData.part.0>:
      ce:	cf 93       	push	r28
      d0:	df 93       	push	r29
      d2:	0f 92       	push	r0
      d4:	cd b7       	in	r28, 0x3d	; 61
      d6:	de b7       	in	r29, 0x3e	; 62
      d8:	89 83       	std	Y+1, r24	; 0x01
      da:	41 e0       	ldi	r20, 0x01	; 1
      dc:	60 e0       	ldi	r22, 0x00	; 0
      de:	80 e0       	ldi	r24, 0x00	; 0
      e0:	0e 94 57 04 	call	0x8ae	; 0x8ae <DIO_WritePin>
      e4:	40 e0       	ldi	r20, 0x00	; 0
      e6:	61 e0       	ldi	r22, 0x01	; 1
      e8:	80 e0       	ldi	r24, 0x00	; 0
      ea:	0e 94 57 04 	call	0x8ae	; 0x8ae <DIO_WritePin>
      ee:	69 81       	ldd	r22, Y+1	; 0x01
      f0:	82 e0       	ldi	r24, 0x02	; 2
      f2:	0e 94 f8 04 	call	0x9f0	; 0x9f0 <DIO_WriteGroup>
      f6:	41 e0       	ldi	r20, 0x01	; 1
      f8:	62 e0       	ldi	r22, 0x02	; 2
      fa:	80 e0       	ldi	r24, 0x00	; 0
      fc:	0e 94 57 04 	call	0x8ae	; 0x8ae <DIO_WritePin>
     100:	8f ec       	ldi	r24, 0xCF	; 207
     102:	97 e0       	ldi	r25, 0x07	; 7

00000104 <.L1^B1>:
     104:	01 97       	sbiw	r24, 0x01	; 1
     106:	f1 f7       	brne	.-4      	; 0x104 <.L1^B1>
     108:	00 c0       	rjmp	.+0      	; 0x10a <L0^A>

0000010a <L0^A>:
     10a:	00 00       	nop
     10c:	40 e0       	ldi	r20, 0x00	; 0
     10e:	62 e0       	ldi	r22, 0x02	; 2
     110:	80 e0       	ldi	r24, 0x00	; 0
     112:	0f 90       	pop	r0
     114:	df 91       	pop	r29
     116:	cf 91       	pop	r28
     118:	0c 94 57 04 	jmp	0x8ae	; 0x8ae <DIO_WritePin>

0000011c <LCD_Instruction.part.0>:
     11c:	cf 93       	push	r28
     11e:	df 93       	push	r29
     120:	0f 92       	push	r0
     122:	cd b7       	in	r28, 0x3d	; 61
     124:	de b7       	in	r29, 0x3e	; 62
     126:	89 83       	std	Y+1, r24	; 0x01
     128:	40 e0       	ldi	r20, 0x00	; 0
     12a:	60 e0       	ldi	r22, 0x00	; 0
     12c:	80 e0       	ldi	r24, 0x00	; 0
     12e:	0e 94 57 04 	call	0x8ae	; 0x8ae <DIO_WritePin>
     132:	40 e0       	ldi	r20, 0x00	; 0
     134:	61 e0       	ldi	r22, 0x01	; 1
     136:	80 e0       	ldi	r24, 0x00	; 0
     138:	0e 94 57 04 	call	0x8ae	; 0x8ae <DIO_WritePin>
     13c:	69 81       	ldd	r22, Y+1	; 0x01
     13e:	82 e0       	ldi	r24, 0x02	; 2
     140:	0e 94 f8 04 	call	0x9f0	; 0x9f0 <DIO_WriteGroup>
     144:	41 e0       	ldi	r20, 0x01	; 1
     146:	62 e0       	ldi	r22, 0x02	; 2
     148:	80 e0       	ldi	r24, 0x00	; 0
     14a:	0e 94 57 04 	call	0x8ae	; 0x8ae <DIO_WritePin>
     14e:	8f ec       	ldi	r24, 0xCF	; 207
     150:	97 e0       	ldi	r25, 0x07	; 7

00000152 <.L1^B2>:
     152:	01 97       	sbiw	r24, 0x01	; 1
     154:	f1 f7       	brne	.-4      	; 0x152 <.L1^B2>
     156:	00 c0       	rjmp	.+0      	; 0x158 <L0^A>

00000158 <L0^A>:
     158:	00 00       	nop
     15a:	40 e0       	ldi	r20, 0x00	; 0
     15c:	62 e0       	ldi	r22, 0x02	; 2
     15e:	80 e0       	ldi	r24, 0x00	; 0
     160:	0f 90       	pop	r0
     162:	df 91       	pop	r29
     164:	cf 91       	pop	r28
     166:	0c 94 57 04 	jmp	0x8ae	; 0x8ae <DIO_WritePin>

0000016a <LCD_WriteData>:
     16a:	61 30       	cpi	r22, 0x01	; 1
     16c:	09 f0       	breq	.+2      	; 0x170 <.L6>
     16e:	08 95       	ret

00000170 <.L6>:
     170:	0c 94 67 00 	jmp	0xce	; 0xce <LCD_WriteData.part.0>

00000174 <LCD_Instruction>:
     174:	61 30       	cpi	r22, 0x01	; 1
     176:	09 f0       	breq	.+2      	; 0x17a <.L9>
     178:	08 95       	ret

0000017a <.L9>:
     17a:	0c 94 8e 00 	jmp	0x11c	; 0x11c <LCD_Instruction.part.0>

0000017e <LCD_Init>:
     17e:	81 30       	cpi	r24, 0x01	; 1
     180:	09 f0       	breq	.+2      	; 0x184 <.L12>
     182:	08 95       	ret

00000184 <.L12>:
     184:	41 e0       	ldi	r20, 0x01	; 1
     186:	60 e0       	ldi	r22, 0x00	; 0
     188:	80 e0       	ldi	r24, 0x00	; 0
     18a:	0e 94 9e 03 	call	0x73c	; 0x73c <DIO_InitPin>
     18e:	41 e0       	ldi	r20, 0x01	; 1
     190:	61 e0       	ldi	r22, 0x01	; 1
     192:	80 e0       	ldi	r24, 0x00	; 0
     194:	0e 94 9e 03 	call	0x73c	; 0x73c <DIO_InitPin>
     198:	41 e0       	ldi	r20, 0x01	; 1
     19a:	62 e0       	ldi	r22, 0x02	; 2
     19c:	80 e0       	ldi	r24, 0x00	; 0
     19e:	0e 94 9e 03 	call	0x73c	; 0x73c <DIO_InitPin>
     1a2:	6f ef       	ldi	r22, 0xFF	; 255
     1a4:	82 e0       	ldi	r24, 0x02	; 2
     1a6:	0e 94 3f 04 	call	0x87e	; 0x87e <DIO_InitGroup>
     1aa:	2f eb       	ldi	r18, 0xBF	; 191
     1ac:	8a ed       	ldi	r24, 0xDA	; 218
     1ae:	90 e0       	ldi	r25, 0x00	; 0

000001b0 <.L1^B3>:
     1b0:	21 50       	subi	r18, 0x01	; 1
     1b2:	80 40       	sbci	r24, 0x00	; 0
     1b4:	90 40       	sbci	r25, 0x00	; 0
     1b6:	e1 f7       	brne	.-8      	; 0x1b0 <.L1^B3>
     1b8:	00 c0       	rjmp	.+0      	; 0x1ba <L0^A>

000001ba <L0^A>:
     1ba:	00 00       	nop
     1bc:	88 e3       	ldi	r24, 0x38	; 56
     1be:	0e 94 8e 00 	call	0x11c	; 0x11c <LCD_Instruction.part.0>
     1c2:	8f ec       	ldi	r24, 0xCF	; 207
     1c4:	97 e0       	ldi	r25, 0x07	; 7

000001c6 <.L1^B4>:
     1c6:	01 97       	sbiw	r24, 0x01	; 1
     1c8:	f1 f7       	brne	.-4      	; 0x1c6 <.L1^B4>
     1ca:	00 c0       	rjmp	.+0      	; 0x1cc <L0^A>

000001cc <L0^A>:
     1cc:	00 00       	nop
     1ce:	8e e0       	ldi	r24, 0x0E	; 14
     1d0:	0e 94 8e 00 	call	0x11c	; 0x11c <LCD_Instruction.part.0>
     1d4:	8f ec       	ldi	r24, 0xCF	; 207
     1d6:	97 e0       	ldi	r25, 0x07	; 7

000001d8 <.L1^B5>:
     1d8:	01 97       	sbiw	r24, 0x01	; 1
     1da:	f1 f7       	brne	.-4      	; 0x1d8 <.L1^B5>
     1dc:	00 c0       	rjmp	.+0      	; 0x1de <L0^A>

000001de <L0^A>:
     1de:	00 00       	nop
     1e0:	81 e0       	ldi	r24, 0x01	; 1
     1e2:	0e 94 8e 00 	call	0x11c	; 0x11c <LCD_Instruction.part.0>
     1e6:	8f e9       	ldi	r24, 0x9F	; 159
     1e8:	9f e0       	ldi	r25, 0x0F	; 15

000001ea <.L1^B6>:
     1ea:	01 97       	sbiw	r24, 0x01	; 1
     1ec:	f1 f7       	brne	.-4      	; 0x1ea <.L1^B6>
     1ee:	00 c0       	rjmp	.+0      	; 0x1f0 <L0^A>

000001f0 <L0^A>:
     1f0:	00 00       	nop
     1f2:	86 e0       	ldi	r24, 0x06	; 6
     1f4:	0e 94 8e 00 	call	0x11c	; 0x11c <LCD_Instruction.part.0>
     1f8:	8f ec       	ldi	r24, 0xCF	; 207
     1fa:	97 e0       	ldi	r25, 0x07	; 7

000001fc <.L1^B7>:
     1fc:	01 97       	sbiw	r24, 0x01	; 1
     1fe:	f1 f7       	brne	.-4      	; 0x1fc <.L1^B7>
     200:	00 c0       	rjmp	.+0      	; 0x202 <L0^A>

00000202 <L0^A>:
     202:	00 00       	nop
     204:	08 95       	ret

00000206 <LCD_WriteString>:
     206:	0f 93       	push	r16
     208:	1f 93       	push	r17
     20a:	cf 93       	push	r28
     20c:	8c 01       	movw	r16, r24
     20e:	00 97       	sbiw	r24, 0x00	; 0
     210:	71 f0       	breq	.+28     	; 0x22e <.L13>
     212:	fc 01       	movw	r30, r24
     214:	80 81       	ld	r24, Z
     216:	81 15       	cp	r24, r1
     218:	51 f0       	breq	.+20     	; 0x22e <.L13>
     21a:	c0 e0       	ldi	r28, 0x00	; 0

0000021c <.L15>:
     21c:	0e 94 67 00 	call	0xce	; 0xce <LCD_WriteData.part.0>
     220:	cf 5f       	subi	r28, 0xFF	; 255
     222:	f8 01       	movw	r30, r16
     224:	ec 0f       	add	r30, r28
     226:	f1 1d       	adc	r31, r1
     228:	80 81       	ld	r24, Z
     22a:	81 11       	cpse	r24, r1
     22c:	f7 cf       	rjmp	.-18     	; 0x21c <.L15>

0000022e <.L13>:
     22e:	cf 91       	pop	r28
     230:	1f 91       	pop	r17
     232:	0f 91       	pop	r16
     234:	08 95       	ret

00000236 <LCD_Go_To_XY>:
     236:	81 30       	cpi	r24, 0x01	; 1
     238:	48 f0       	brcs	.+18     	; 0x24c <.L24>
     23a:	29 f4       	brne	.+10     	; 0x246 <.L27>
     23c:	80 e4       	ldi	r24, 0x40	; 64
     23e:	86 0f       	add	r24, r22
     240:	80 68       	ori	r24, 0x80	; 128
     242:	0c 94 8e 00 	jmp	0x11c	; 0x11c <LCD_Instruction.part.0>

00000246 <.L27>:
     246:	80 e8       	ldi	r24, 0x80	; 128
     248:	0c 94 8e 00 	jmp	0x11c	; 0x11c <LCD_Instruction.part.0>

0000024c <.L24>:
     24c:	86 2f       	mov	r24, r22
     24e:	80 68       	ori	r24, 0x80	; 128
     250:	0c 94 8e 00 	jmp	0x11c	; 0x11c <LCD_Instruction.part.0>

00000254 <LCD_Number>:
     254:	4f 92       	push	r4
     256:	5f 92       	push	r5
     258:	6f 92       	push	r6
     25a:	7f 92       	push	r7
     25c:	8f 92       	push	r8
     25e:	9f 92       	push	r9
     260:	af 92       	push	r10
     262:	bf 92       	push	r11
     264:	cf 92       	push	r12
     266:	df 92       	push	r13
     268:	ef 92       	push	r14
     26a:	ff 92       	push	r15
     26c:	cf 93       	push	r28
     26e:	6b 01       	movw	r12, r22
     270:	7c 01       	movw	r14, r24
     272:	c4 2f       	mov	r28, r20
     274:	c1 14       	cp	r12, r1
     276:	d1 04       	cpc	r13, r1
     278:	e1 04       	cpc	r14, r1
     27a:	f1 04       	cpc	r15, r1
     27c:	09 f4       	brne	.+2      	; 0x280 <L0^A+0x2>

0000027e <L0^A>:
     27e:	59 c0       	rjmp	.+178    	; 0x332 <.L42>
     280:	5c f4       	brge	.+22     	; 0x298 <.L30>
     282:	8d e2       	ldi	r24, 0x2D	; 45
     284:	0e 94 67 00 	call	0xce	; 0xce <LCD_WriteData.part.0>
     288:	f0 94       	com	r15
     28a:	e0 94       	com	r14
     28c:	d0 94       	com	r13
     28e:	c0 94       	com	r12
     290:	c1 1c       	adc	r12, r1
     292:	d1 1c       	adc	r13, r1
     294:	e1 1c       	adc	r14, r1
     296:	f1 1c       	adc	r15, r1

00000298 <.L30>:
     298:	80 e0       	ldi	r24, 0x00	; 0
     29a:	90 e0       	ldi	r25, 0x00	; 0
     29c:	bc 01       	movw	r22, r24
     29e:	3b 01       	movw	r6, r22
     2a0:	ea e0       	ldi	r30, 0x0A	; 10
     2a2:	4e 2e       	mov	r4, r30
     2a4:	51 2c       	mov	r5, r1

000002a6 <.L31>:
     2a6:	4b 01       	movw	r8, r22
     2a8:	5c 01       	movw	r10, r24
     2aa:	88 0c       	add	r8, r8
     2ac:	99 1c       	adc	r9, r9
     2ae:	aa 1c       	adc	r10, r10
     2b0:	bb 1c       	adc	r11, r11
     2b2:	88 0c       	add	r8, r8
     2b4:	99 1c       	adc	r9, r9
     2b6:	aa 1c       	adc	r10, r10
     2b8:	bb 1c       	adc	r11, r11
     2ba:	86 0e       	add	r8, r22
     2bc:	97 1e       	adc	r9, r23
     2be:	a8 1e       	adc	r10, r24
     2c0:	b9 1e       	adc	r11, r25
     2c2:	88 0c       	add	r8, r8
     2c4:	99 1c       	adc	r9, r9
     2c6:	aa 1c       	adc	r10, r10
     2c8:	bb 1c       	adc	r11, r11
     2ca:	b6 01       	movw	r22, r12
     2cc:	c7 01       	movw	r24, r14
     2ce:	92 01       	movw	r18, r4
     2d0:	a3 01       	movw	r20, r6
     2d2:	0e 94 c3 0b 	call	0x1786	; 0x1786 <__divmodsi4>
     2d6:	68 0d       	add	r22, r8
     2d8:	79 1d       	adc	r23, r9
     2da:	8a 1d       	adc	r24, r10
     2dc:	9b 1d       	adc	r25, r11
     2de:	69 01       	movw	r12, r18
     2e0:	7a 01       	movw	r14, r20
     2e2:	c1 14       	cp	r12, r1
     2e4:	d1 04       	cpc	r13, r1
     2e6:	e1 04       	cpc	r14, r1
     2e8:	f1 04       	cpc	r15, r1
     2ea:	e9 f6       	brne	.-70     	; 0x2a6 <.L31>
     2ec:	00 97       	sbiw	r24, 0x00	; 0
     2ee:	70 40       	sbci	r23, 0x00	; 0
     2f0:	60 40       	sbci	r22, 0x00	; 0
     2f2:	89 f0       	breq	.+34     	; 0x316 <.L28>
     2f4:	3a e0       	ldi	r19, 0x0A	; 10
     2f6:	c3 2e       	mov	r12, r19
     2f8:	d1 2c       	mov	r13, r1
     2fa:	e1 2c       	mov	r14, r1
     2fc:	f1 2c       	mov	r15, r1

000002fe <.L35>:
     2fe:	c1 30       	cpi	r28, 0x01	; 1
     300:	41 f1       	breq	.+80     	; 0x352 <.L43>
     302:	96 01       	movw	r18, r12
     304:	a7 01       	movw	r20, r14
     306:	0e 94 c3 0b 	call	0x1786	; 0x1786 <__divmodsi4>
     30a:	b9 01       	movw	r22, r18
     30c:	ca 01       	movw	r24, r20
     30e:	00 97       	sbiw	r24, 0x00	; 0
     310:	70 40       	sbci	r23, 0x00	; 0
     312:	60 40       	sbci	r22, 0x00	; 0
     314:	a1 f7       	brne	.-24     	; 0x2fe <.L35>

00000316 <.L28>:
     316:	cf 91       	pop	r28
     318:	ff 90       	pop	r15
     31a:	ef 90       	pop	r14
     31c:	df 90       	pop	r13
     31e:	cf 90       	pop	r12
     320:	bf 90       	pop	r11
     322:	af 90       	pop	r10
     324:	9f 90       	pop	r9
     326:	8f 90       	pop	r8
     328:	7f 90       	pop	r7
     32a:	6f 90       	pop	r6
     32c:	5f 90       	pop	r5
     32e:	4f 90       	pop	r4
     330:	08 95       	ret

00000332 <.L42>:
     332:	80 e3       	ldi	r24, 0x30	; 48
     334:	cf 91       	pop	r28
     336:	ff 90       	pop	r15
     338:	ef 90       	pop	r14
     33a:	df 90       	pop	r13
     33c:	cf 90       	pop	r12
     33e:	bf 90       	pop	r11
     340:	af 90       	pop	r10
     342:	9f 90       	pop	r9
     344:	8f 90       	pop	r8
     346:	7f 90       	pop	r7
     348:	6f 90       	pop	r6
     34a:	5f 90       	pop	r5
     34c:	4f 90       	pop	r4
     34e:	0c 94 67 00 	jmp	0xce	; 0xce <LCD_WriteData.part.0>

00000352 <.L43>:
     352:	2a e0       	ldi	r18, 0x0A	; 10
     354:	82 2e       	mov	r8, r18
     356:	91 2c       	mov	r9, r1
     358:	a1 2c       	mov	r10, r1
     35a:	b1 2c       	mov	r11, r1

0000035c <.L34>:
     35c:	94 01       	movw	r18, r8
     35e:	a5 01       	movw	r20, r10
     360:	0e 94 c3 0b 	call	0x1786	; 0x1786 <__divmodsi4>
     364:	d2 2e       	mov	r13, r18
     366:	e3 2e       	mov	r14, r19
     368:	f4 2e       	mov	r15, r20
     36a:	c5 2f       	mov	r28, r21
     36c:	80 e3       	ldi	r24, 0x30	; 48
     36e:	86 0f       	add	r24, r22
     370:	0e 94 67 00 	call	0xce	; 0xce <LCD_WriteData.part.0>
     374:	6d 2d       	mov	r22, r13
     376:	7e 2d       	mov	r23, r14
     378:	8f 2d       	mov	r24, r15
     37a:	9c 2f       	mov	r25, r28
     37c:	00 97       	sbiw	r24, 0x00	; 0
     37e:	70 40       	sbci	r23, 0x00	; 0
     380:	60 40       	sbci	r22, 0x00	; 0
     382:	61 f7       	brne	.-40     	; 0x35c <.L34>
     384:	c8 cf       	rjmp	.-112    	; 0x316 <.L28>

00000386 <Led_Init>:
     386:	cf 93       	push	r28
     388:	df 93       	push	r29
     38a:	0f 92       	push	r0
     38c:	cd b7       	in	r28, 0x3d	; 61
     38e:	de b7       	in	r29, 0x3e	; 62
     390:	49 83       	std	Y+1, r20	; 0x01
     392:	41 e0       	ldi	r20, 0x01	; 1
     394:	0e 94 9e 03 	call	0x73c	; 0x73c <DIO_InitPin>
     398:	89 81       	ldd	r24, Y+1	; 0x01
     39a:	80 93 14 01 	sts	0x0114, r24	; 0x800114 <StaticConnectionType>
     39e:	0f 90       	pop	r0
     3a0:	df 91       	pop	r29
     3a2:	cf 91       	pop	r28
     3a4:	08 95       	ret

000003a6 <Led_on>:
     3a6:	90 91 14 01 	lds	r25, 0x0114	; 0x800114 <StaticConnectionType>
     3aa:	91 30       	cpi	r25, 0x01	; 1
     3ac:	19 f0       	breq	.+6      	; 0x3b4 <.L6>
     3ae:	92 30       	cpi	r25, 0x02	; 2
     3b0:	21 f0       	breq	.+8      	; 0x3ba <.L7>
     3b2:	08 95       	ret

000003b4 <.L6>:
     3b4:	41 e0       	ldi	r20, 0x01	; 1
     3b6:	0c 94 57 04 	jmp	0x8ae	; 0x8ae <DIO_WritePin>

000003ba <.L7>:
     3ba:	40 e0       	ldi	r20, 0x00	; 0
     3bc:	0c 94 57 04 	jmp	0x8ae	; 0x8ae <DIO_WritePin>

000003c0 <Led_off>:
     3c0:	90 91 14 01 	lds	r25, 0x0114	; 0x800114 <StaticConnectionType>
     3c4:	91 30       	cpi	r25, 0x01	; 1
     3c6:	19 f0       	breq	.+6      	; 0x3ce <.L11>
     3c8:	92 30       	cpi	r25, 0x02	; 2
     3ca:	21 f0       	breq	.+8      	; 0x3d4 <.L12>
     3cc:	08 95       	ret

000003ce <.L11>:
     3ce:	40 e0       	ldi	r20, 0x00	; 0
     3d0:	0c 94 57 04 	jmp	0x8ae	; 0x8ae <DIO_WritePin>

000003d4 <.L12>:
     3d4:	41 e0       	ldi	r20, 0x01	; 1
     3d6:	0c 94 57 04 	jmp	0x8ae	; 0x8ae <DIO_WritePin>

000003da <Led_Toggle>:
     3da:	0c 94 67 05 	jmp	0xace	; 0xace <DIO_TogglePin>

000003de <LM35_Init>:
     3de:	cf 93       	push	r28
     3e0:	df 93       	push	r29
     3e2:	00 d0       	rcall	.+0      	; 0x3e4 <L0^A>

000003e4 <L0^A>:
     3e4:	00 d0       	rcall	.+0      	; 0x3e6 <L0^A>

000003e6 <L0^A>:
     3e6:	0f 92       	push	r0
     3e8:	cd b7       	in	r28, 0x3d	; 61
     3ea:	de b7       	in	r29, 0x3e	; 62
     3ec:	40 e0       	ldi	r20, 0x00	; 0
     3ee:	60 e0       	ldi	r22, 0x00	; 0
     3f0:	85 e0       	ldi	r24, 0x05	; 5
     3f2:	0e 94 9e 03 	call	0x73c	; 0x73c <DIO_InitPin>
     3f6:	85 e0       	ldi	r24, 0x05	; 5
     3f8:	e0 e0       	ldi	r30, 0x00	; 0
     3fa:	f1 e0       	ldi	r31, 0x01	; 1
     3fc:	de 01       	movw	r26, r28
     3fe:	11 96       	adiw	r26, 0x01	; 1

00000400 <.L0^B1>:
     400:	01 90       	ld	r0, Z+
     402:	0d 92       	st	X+, r0
     404:	8a 95       	dec	r24
     406:	e1 f7       	brne	.-8      	; 0x400 <.L0^B1>
     408:	49 81       	ldd	r20, Y+1	; 0x01
     40a:	5a 81       	ldd	r21, Y+2	; 0x02
     40c:	6b 81       	ldd	r22, Y+3	; 0x03
     40e:	7c 81       	ldd	r23, Y+4	; 0x04
     410:	8d 81       	ldd	r24, Y+5	; 0x05
     412:	0f 90       	pop	r0
     414:	0f 90       	pop	r0
     416:	0f 90       	pop	r0
     418:	0f 90       	pop	r0
     41a:	0f 90       	pop	r0
     41c:	df 91       	pop	r29
     41e:	cf 91       	pop	r28
     420:	0c 94 4e 03 	jmp	0x69c	; 0x69c <ADC_Init>

00000424 <LM35_Read>:
     424:	80 e0       	ldi	r24, 0x00	; 0
     426:	0e 94 8d 03 	call	0x71a	; 0x71a <ADC_ReadChannelPolling>
     42a:	bc 01       	movw	r22, r24
     42c:	80 e0       	ldi	r24, 0x00	; 0
     42e:	90 e0       	ldi	r25, 0x00	; 0
     430:	0e 94 fc 0c 	call	0x19f8	; 0x19f8 <__floatunsisf>
     434:	26 ef       	ldi	r18, 0xF6	; 246
     436:	38 e2       	ldi	r19, 0x28	; 40
     438:	4c e9       	ldi	r20, 0x9C	; 156
     43a:	50 e4       	ldi	r21, 0x40	; 64
     43c:	0e 94 62 0d 	call	0x1ac4	; 0x1ac4 <__mulsf3>
     440:	0e 94 cd 0c 	call	0x199a	; 0x199a <__fixunssfsi>
     444:	9b 01       	movw	r18, r22
     446:	ad ec       	ldi	r26, 0xCD	; 205
     448:	bc ec       	ldi	r27, 0xCC	; 204
     44a:	0e 94 7e 0b 	call	0x16fc	; 0x16fc <__umulhisi3>
     44e:	96 95       	lsr	r25
     450:	87 95       	ror	r24
     452:	96 95       	lsr	r25
     454:	87 95       	ror	r24
     456:	96 95       	lsr	r25
     458:	87 95       	ror	r24
     45a:	08 95       	ret

0000045c <ULTS_OverflowISR>:
     45c:	80 91 1b 01 	lds	r24, 0x011B	; 0x80011b <timerOverflowCount>
     460:	90 91 1c 01 	lds	r25, 0x011C	; 0x80011c <timerOverflowCount+0x1>
     464:	a0 91 1d 01 	lds	r26, 0x011D	; 0x80011d <timerOverflowCount+0x2>
     468:	b0 91 1e 01 	lds	r27, 0x011E	; 0x80011e <timerOverflowCount+0x3>
     46c:	01 96       	adiw	r24, 0x01	; 1
     46e:	a1 1d       	adc	r26, r1
     470:	b1 1d       	adc	r27, r1
     472:	80 93 1b 01 	sts	0x011B, r24	; 0x80011b <timerOverflowCount>
     476:	90 93 1c 01 	sts	0x011C, r25	; 0x80011c <timerOverflowCount+0x1>
     47a:	a0 93 1d 01 	sts	0x011D, r26	; 0x80011d <timerOverflowCount+0x2>
     47e:	b0 93 1e 01 	sts	0x011E, r27	; 0x80011e <timerOverflowCount+0x3>
     482:	08 95       	ret

00000484 <ULTS_CaptureISR>:
     484:	86 b5       	in	r24, 0x26	; 38
     486:	27 b5       	in	r18, 0x27	; 39
     488:	92 2f       	mov	r25, r18
     48a:	20 91 15 01 	lds	r18, 0x0115	; 0x800115 <state>
     48e:	21 11       	cpse	r18, r1
     490:	13 c0       	rjmp	.+38     	; 0x4b8 <.L4>
     492:	90 93 1a 01 	sts	0x011A, r25	; 0x80011a <risingEdgeCapture+0x1>
     496:	80 93 19 01 	sts	0x0119, r24	; 0x800119 <risingEdgeCapture>
     49a:	10 92 1b 01 	sts	0x011B, r1	; 0x80011b <timerOverflowCount>
     49e:	10 92 1c 01 	sts	0x011C, r1	; 0x80011c <timerOverflowCount+0x1>
     4a2:	10 92 1d 01 	sts	0x011D, r1	; 0x80011d <timerOverflowCount+0x2>
     4a6:	10 92 1e 01 	sts	0x011E, r1	; 0x80011e <timerOverflowCount+0x3>
     4aa:	81 e0       	ldi	r24, 0x01	; 1
     4ac:	80 93 15 01 	sts	0x0115, r24	; 0x800115 <state>
     4b0:	8e b5       	in	r24, 0x2e	; 46
     4b2:	8f 7b       	andi	r24, 0xBF	; 191
     4b4:	8e bd       	out	0x2e, r24	; 46
     4b6:	08 95       	ret

000004b8 <.L4>:
     4b8:	90 93 18 01 	sts	0x0118, r25	; 0x800118 <fallingEdgeCapture+0x1>
     4bc:	80 93 17 01 	sts	0x0117, r24	; 0x800117 <fallingEdgeCapture>
     4c0:	10 92 16 01 	sts	0x0116, r1	; 0x800116 <isMeasuring>
     4c4:	10 92 15 01 	sts	0x0115, r1	; 0x800115 <state>
     4c8:	8e b5       	in	r24, 0x2e	; 46
     4ca:	80 64       	ori	r24, 0x40	; 64
     4cc:	8e bd       	out	0x2e, r24	; 46
     4ce:	87 b7       	in	r24, 0x37	; 55
     4d0:	8f 7d       	andi	r24, 0xDF	; 223
     4d2:	87 bf       	out	0x37, r24	; 55
     4d4:	08 95       	ret

000004d6 <ULTS_Init>:
     4d6:	ef 92       	push	r14
     4d8:	ff 92       	push	r15
     4da:	0f 93       	push	r16
     4dc:	1f 93       	push	r17
     4de:	cf 93       	push	r28
     4e0:	df 93       	push	r29
     4e2:	cd b7       	in	r28, 0x3d	; 61
     4e4:	de b7       	in	r29, 0x3e	; 62
     4e6:	2c 97       	sbiw	r28, 0x0c	; 12
     4e8:	0f b6       	in	r0, 0x3f	; 63
     4ea:	f8 94       	cli
     4ec:	de bf       	out	0x3e, r29	; 62
     4ee:	0f be       	out	0x3f, r0	; 63
     4f0:	cd bf       	out	0x3d, r28	; 61
     4f2:	fe 01       	movw	r30, r28
     4f4:	31 96       	adiw	r30, 0x01	; 1
     4f6:	8c e0       	ldi	r24, 0x0C	; 12
     4f8:	df 01       	movw	r26, r30

000004fa <.L0^B1>:
     4fa:	1d 92       	st	X+, r1
     4fc:	8a 95       	dec	r24
     4fe:	e9 f7       	brne	.-6      	; 0x4fa <.L0^B1>
     500:	e9 80       	ldd	r14, Y+1	; 0x01
     502:	ff 24       	eor	r15, r15
     504:	f3 94       	inc	r15
     506:	01 e0       	ldi	r16, 0x01	; 1
     508:	11 e0       	ldi	r17, 0x01	; 1
     50a:	21 e0       	ldi	r18, 0x01	; 1
     50c:	3e 81       	ldd	r19, Y+6	; 0x06
     50e:	4f 81       	ldd	r20, Y+7	; 0x07
     510:	58 85       	ldd	r21, Y+8	; 0x08
     512:	69 85       	ldd	r22, Y+9	; 0x09
     514:	7a 85       	ldd	r23, Y+10	; 0x0a
     516:	8b 85       	ldd	r24, Y+11	; 0x0b
     518:	9c 85       	ldd	r25, Y+12	; 0x0c
     51a:	0e 94 26 07 	call	0xe4c	; 0xe4c <TIMER1_Init>
     51e:	80 e0       	ldi	r24, 0x00	; 0
     520:	90 e0       	ldi	r25, 0x00	; 0
     522:	0e 94 57 09 	call	0x12ae	; 0x12ae <TIMER1_set_preloadValue>
     526:	62 e4       	ldi	r22, 0x42	; 66
     528:	72 e0       	ldi	r23, 0x02	; 2
     52a:	83 e0       	ldi	r24, 0x03	; 3
     52c:	0e 94 f0 09 	call	0x13e0	; 0x13e0 <TIMER1_SETcallBackFunction>
     530:	6e e2       	ldi	r22, 0x2E	; 46
     532:	72 e0       	ldi	r23, 0x02	; 2
     534:	80 e0       	ldi	r24, 0x00	; 0
     536:	0e 94 f0 09 	call	0x13e0	; 0x13e0 <TIMER1_SETcallBackFunction>
     53a:	41 e0       	ldi	r20, 0x01	; 1
     53c:	65 e0       	ldi	r22, 0x05	; 5
     53e:	83 e0       	ldi	r24, 0x03	; 3
     540:	0e 94 9e 03 	call	0x73c	; 0x73c <DIO_InitPin>
     544:	40 e0       	ldi	r20, 0x00	; 0
     546:	64 e0       	ldi	r22, 0x04	; 4
     548:	83 e0       	ldi	r24, 0x03	; 3
     54a:	0e 94 9e 03 	call	0x73c	; 0x73c <DIO_InitPin>
     54e:	82 e0       	ldi	r24, 0x02	; 2
     550:	2c 96       	adiw	r28, 0x0c	; 12
     552:	0f b6       	in	r0, 0x3f	; 63
     554:	f8 94       	cli
     556:	de bf       	out	0x3e, r29	; 62
     558:	0f be       	out	0x3f, r0	; 63
     55a:	cd bf       	out	0x3d, r28	; 61
     55c:	df 91       	pop	r29
     55e:	cf 91       	pop	r28
     560:	1f 91       	pop	r17
     562:	0f 91       	pop	r16
     564:	ff 90       	pop	r15
     566:	ef 90       	pop	r14
     568:	0c 94 4c 09 	jmp	0x1298	; 0x1298 <TIMER1_Start>

0000056c <ULTS_GetDistance>:
     56c:	0f 93       	push	r16
     56e:	1f 93       	push	r17
     570:	10 92 15 01 	sts	0x0115, r1	; 0x800115 <state>
     574:	10 92 1a 01 	sts	0x011A, r1	; 0x80011a <risingEdgeCapture+0x1>
     578:	10 92 19 01 	sts	0x0119, r1	; 0x800119 <risingEdgeCapture>
     57c:	10 92 18 01 	sts	0x0118, r1	; 0x800118 <fallingEdgeCapture+0x1>
     580:	10 92 17 01 	sts	0x0117, r1	; 0x800117 <fallingEdgeCapture>
     584:	10 92 1b 01 	sts	0x011B, r1	; 0x80011b <timerOverflowCount>
     588:	10 92 1c 01 	sts	0x011C, r1	; 0x80011c <timerOverflowCount+0x1>
     58c:	10 92 1d 01 	sts	0x011D, r1	; 0x80011d <timerOverflowCount+0x2>
     590:	10 92 1e 01 	sts	0x011E, r1	; 0x80011e <timerOverflowCount+0x3>
     594:	81 e0       	ldi	r24, 0x01	; 1
     596:	80 93 16 01 	sts	0x0116, r24	; 0x800116 <isMeasuring>
     59a:	87 b7       	in	r24, 0x37	; 55
     59c:	80 62       	ori	r24, 0x20	; 32
     59e:	87 bf       	out	0x37, r24	; 55
     5a0:	41 e0       	ldi	r20, 0x01	; 1
     5a2:	65 e0       	ldi	r22, 0x05	; 5
     5a4:	83 e0       	ldi	r24, 0x03	; 3
     5a6:	0e 94 57 04 	call	0x8ae	; 0x8ae <DIO_WritePin>
     5aa:	2a e1       	ldi	r18, 0x1A	; 26

000005ac <.L1^B1>:
     5ac:	2a 95       	dec	r18
     5ae:	f1 f7       	brne	.-4      	; 0x5ac <.L1^B1>
     5b0:	00 c0       	rjmp	.+0      	; 0x5b2 <L0^A>

000005b2 <L0^A>:
     5b2:	40 e0       	ldi	r20, 0x00	; 0
     5b4:	65 e0       	ldi	r22, 0x05	; 5
     5b6:	83 e0       	ldi	r24, 0x03	; 3
     5b8:	0e 94 57 04 	call	0x8ae	; 0x8ae <DIO_WritePin>
     5bc:	80 91 16 01 	lds	r24, 0x0116	; 0x800116 <isMeasuring>
     5c0:	81 15       	cp	r24, r1
     5c2:	09 f4       	brne	.+2      	; 0x5c6 <L0^A+0x2>

000005c4 <L0^A>:
     5c4:	67 c0       	rjmp	.+206    	; 0x694 <.L13>
     5c6:	a0 e0       	ldi	r26, 0x00	; 0
     5c8:	b0 e0       	ldi	r27, 0x00	; 0
     5ca:	cd 01       	movw	r24, r26
     5cc:	06 c0       	rjmp	.+12     	; 0x5da <.L9>

000005ce <.L19>:
     5ce:	88 3a       	cpi	r24, 0xA8	; 168
     5d0:	21 e6       	ldi	r18, 0x61	; 97
     5d2:	92 07       	cpc	r25, r18
     5d4:	a1 05       	cpc	r26, r1
     5d6:	b1 05       	cpc	r27, r1
     5d8:	59 f0       	breq	.+22     	; 0x5f0 <.L8>

000005da <.L9>:
     5da:	01 96       	adiw	r24, 0x01	; 1
     5dc:	a1 1d       	adc	r26, r1
     5de:	b1 1d       	adc	r27, r1
     5e0:	e2 e0       	ldi	r30, 0x02	; 2

000005e2 <.L1^B2>:
     5e2:	ea 95       	dec	r30
     5e4:	f1 f7       	brne	.-4      	; 0x5e2 <.L1^B2>
     5e6:	00 c0       	rjmp	.+0      	; 0x5e8 <L0^A>

000005e8 <L0^A>:
     5e8:	20 91 16 01 	lds	r18, 0x0116	; 0x800116 <isMeasuring>
     5ec:	21 11       	cpse	r18, r1
     5ee:	ef cf       	rjmp	.-34     	; 0x5ce <.L19>

000005f0 <.L8>:
     5f0:	27 b7       	in	r18, 0x37	; 55
     5f2:	2f 7d       	andi	r18, 0xDF	; 223
     5f4:	27 bf       	out	0x37, r18	; 55
     5f6:	40 91 17 01 	lds	r20, 0x0117	; 0x800117 <fallingEdgeCapture>
     5fa:	50 91 18 01 	lds	r21, 0x0118	; 0x800118 <fallingEdgeCapture+0x1>
     5fe:	20 91 19 01 	lds	r18, 0x0119	; 0x800119 <risingEdgeCapture>
     602:	30 91 1a 01 	lds	r19, 0x011A	; 0x80011a <risingEdgeCapture+0x1>
     606:	42 17       	cp	r20, r18
     608:	53 07       	cpc	r21, r19
     60a:	80 f1       	brcs	.+96     	; 0x66c <.L10>
     60c:	40 91 17 01 	lds	r20, 0x0117	; 0x800117 <fallingEdgeCapture>
     610:	50 91 18 01 	lds	r21, 0x0118	; 0x800118 <fallingEdgeCapture+0x1>
     614:	20 91 19 01 	lds	r18, 0x0119	; 0x800119 <risingEdgeCapture>
     618:	30 91 1a 01 	lds	r19, 0x011A	; 0x80011a <risingEdgeCapture+0x1>
     61c:	42 1b       	sub	r20, r18
     61e:	53 0b       	sbc	r21, r19
     620:	60 e0       	ldi	r22, 0x00	; 0
     622:	70 e0       	ldi	r23, 0x00	; 0

00000624 <.L11>:
     624:	00 91 1b 01 	lds	r16, 0x011B	; 0x80011b <timerOverflowCount>
     628:	10 91 1c 01 	lds	r17, 0x011C	; 0x80011c <timerOverflowCount+0x1>
     62c:	20 91 1d 01 	lds	r18, 0x011D	; 0x80011d <timerOverflowCount+0x2>
     630:	30 91 1e 01 	lds	r19, 0x011E	; 0x80011e <timerOverflowCount+0x3>
     634:	10 97       	sbiw	r26, 0x00	; 0
     636:	91 46       	sbci	r25, 0x61	; 97
     638:	88 4a       	sbci	r24, 0xA8	; 168
     63a:	39 f1       	breq	.+78     	; 0x68a <.L14>
     63c:	98 01       	movw	r18, r16
     63e:	10 e0       	ldi	r17, 0x00	; 0
     640:	00 e0       	ldi	r16, 0x00	; 0
     642:	c8 01       	movw	r24, r16
     644:	d9 01       	movw	r26, r18
     646:	84 0f       	add	r24, r20
     648:	95 1f       	adc	r25, r21
     64a:	a6 1f       	adc	r26, r22
     64c:	b7 1f       	adc	r27, r23
     64e:	9c 01       	movw	r18, r24
     650:	ad 01       	movw	r20, r26
     652:	a7 e5       	ldi	r26, 0x57	; 87
     654:	b1 e0       	ldi	r27, 0x01	; 1
     656:	0e 94 eb 0b 	call	0x17d6	; 0x17d6 <__muluhisi3>
     65a:	a8 01       	movw	r20, r16
     65c:	22 e9       	ldi	r18, 0x92	; 146
     65e:	39 e0       	ldi	r19, 0x09	; 9
     660:	0e 94 a1 0b 	call	0x1742	; 0x1742 <__udivmodsi4>
     664:	c9 01       	movw	r24, r18
     666:	1f 91       	pop	r17
     668:	0f 91       	pop	r16
     66a:	08 95       	ret

0000066c <.L10>:
     66c:	40 91 17 01 	lds	r20, 0x0117	; 0x800117 <fallingEdgeCapture>
     670:	50 91 18 01 	lds	r21, 0x0118	; 0x800118 <fallingEdgeCapture+0x1>
     674:	20 91 19 01 	lds	r18, 0x0119	; 0x800119 <risingEdgeCapture>
     678:	30 91 1a 01 	lds	r19, 0x011A	; 0x80011a <risingEdgeCapture+0x1>
     67c:	61 e0       	ldi	r22, 0x01	; 1
     67e:	70 e0       	ldi	r23, 0x00	; 0
     680:	42 1b       	sub	r20, r18
     682:	53 0b       	sbc	r21, r19
     684:	61 09       	sbc	r22, r1
     686:	71 09       	sbc	r23, r1
     688:	cd cf       	rjmp	.-102    	; 0x624 <.L11>

0000068a <.L14>:
     68a:	80 e0       	ldi	r24, 0x00	; 0
     68c:	90 e0       	ldi	r25, 0x00	; 0
     68e:	1f 91       	pop	r17
     690:	0f 91       	pop	r16
     692:	08 95       	ret

00000694 <.L13>:
     694:	a0 e0       	ldi	r26, 0x00	; 0
     696:	b0 e0       	ldi	r27, 0x00	; 0
     698:	cd 01       	movw	r24, r26
     69a:	aa cf       	rjmp	.-172    	; 0x5f0 <.L8>

0000069c <ADC_Init>:
     69c:	cf 93       	push	r28
     69e:	df 93       	push	r29
     6a0:	00 d0       	rcall	.+0      	; 0x6a2 <L0^A>

000006a2 <L0^A>:
     6a2:	00 d0       	rcall	.+0      	; 0x6a4 <L0^A>

000006a4 <L0^A>:
     6a4:	0f 92       	push	r0
     6a6:	cd b7       	in	r28, 0x3d	; 61
     6a8:	de b7       	in	r29, 0x3e	; 62
     6aa:	49 83       	std	Y+1, r20	; 0x01
     6ac:	5a 83       	std	Y+2, r21	; 0x02
     6ae:	6b 83       	std	Y+3, r22	; 0x03
     6b0:	7c 83       	std	Y+4, r23	; 0x04
     6b2:	8d 83       	std	Y+5, r24	; 0x05
     6b4:	41 30       	cpi	r20, 0x01	; 1
     6b6:	d8 f4       	brcc	.+54     	; 0x6ee <.L2>
     6b8:	3f 98       	cbi	0x07, 7	; 7
     6ba:	3e 98       	cbi	0x07, 6	; 7

000006bc <.L3>:
     6bc:	51 30       	cpi	r21, 0x01	; 1
     6be:	f1 f0       	breq	.+60     	; 0x6fc <.L12>

000006c0 <.L5>:
     6c0:	38 f1       	brcs	.+78     	; 0x710 <.L13>

000006c2 <.L6>:
     6c2:	8b 81       	ldd	r24, Y+3	; 0x03
     6c4:	81 30       	cpi	r24, 0x01	; 1
     6c6:	f1 f0       	breq	.+60     	; 0x704 <.L14>

000006c8 <.L7>:
     6c8:	35 98       	cbi	0x06, 5	; 6
     6ca:	8c 81       	ldd	r24, Y+4	; 0x04
     6cc:	81 30       	cpi	r24, 0x01	; 1
     6ce:	f1 f0       	breq	.+60     	; 0x70c <.L15>

000006d0 <.L9>:
     6d0:	33 98       	cbi	0x06, 3	; 6

000006d2 <.L10>:
     6d2:	96 b1       	in	r25, 0x06	; 6
     6d4:	98 7f       	andi	r25, 0xF8	; 248
     6d6:	8d 81       	ldd	r24, Y+5	; 0x05
     6d8:	89 2b       	or	r24, r25
     6da:	86 b9       	out	0x06, r24	; 6
     6dc:	37 9a       	sbi	0x06, 7	; 6
     6de:	0f 90       	pop	r0
     6e0:	0f 90       	pop	r0
     6e2:	0f 90       	pop	r0
     6e4:	0f 90       	pop	r0
     6e6:	0f 90       	pop	r0
     6e8:	df 91       	pop	r29
     6ea:	cf 91       	pop	r28
     6ec:	08 95       	ret

000006ee <.L2>:
     6ee:	91 f0       	breq	.+36     	; 0x714 <.L16>
     6f0:	43 30       	cpi	r20, 0x03	; 3
     6f2:	21 f7       	brne	.-56     	; 0x6bc <.L3>
     6f4:	3f 9a       	sbi	0x07, 7	; 7
     6f6:	3e 9a       	sbi	0x07, 6	; 7
     6f8:	51 30       	cpi	r21, 0x01	; 1
     6fa:	11 f7       	brne	.-60     	; 0x6c0 <.L5>

000006fc <.L12>:
     6fc:	3d 9a       	sbi	0x07, 5	; 7
     6fe:	8b 81       	ldd	r24, Y+3	; 0x03
     700:	81 30       	cpi	r24, 0x01	; 1
     702:	11 f7       	brne	.-60     	; 0x6c8 <.L7>

00000704 <.L14>:
     704:	35 9a       	sbi	0x06, 5	; 6
     706:	8c 81       	ldd	r24, Y+4	; 0x04
     708:	81 30       	cpi	r24, 0x01	; 1
     70a:	11 f7       	brne	.-60     	; 0x6d0 <.L9>

0000070c <.L15>:
     70c:	33 9a       	sbi	0x06, 3	; 6
     70e:	e1 cf       	rjmp	.-62     	; 0x6d2 <.L10>

00000710 <.L13>:
     710:	3d 98       	cbi	0x07, 5	; 7
     712:	d7 cf       	rjmp	.-82     	; 0x6c2 <.L6>

00000714 <.L16>:
     714:	3f 98       	cbi	0x07, 7	; 7
     716:	3e 9a       	sbi	0x07, 6	; 7
     718:	d1 cf       	rjmp	.-94     	; 0x6bc <.L3>

0000071a <ADC_ReadChannelPolling>:
     71a:	97 b1       	in	r25, 0x07	; 7
     71c:	90 7e       	andi	r25, 0xE0	; 224
     71e:	89 2b       	or	r24, r25
     720:	87 b9       	out	0x07, r24	; 7
     722:	36 9a       	sbi	0x06, 6	; 6
     724:	86 b1       	in	r24, 0x06	; 6
     726:	34 9a       	sbi	0x06, 4	; 6
     728:	84 b1       	in	r24, 0x04	; 4
     72a:	25 b1       	in	r18, 0x05	; 5
     72c:	92 2f       	mov	r25, r18
     72e:	08 95       	ret

00000730 <ADC_StartConvserionInterrupt>:
     730:	97 b1       	in	r25, 0x07	; 7
     732:	90 7e       	andi	r25, 0xE0	; 224
     734:	89 2b       	or	r24, r25
     736:	87 b9       	out	0x07, r24	; 7
     738:	36 9a       	sbi	0x06, 6	; 6
     73a:	08 95       	ret

0000073c <DIO_InitPin>:
     73c:	41 30       	cpi	r20, 0x01	; 1
     73e:	21 f0       	breq	.+8      	; 0x748 <.L21>
     740:	10 f4       	brcc	.+4      	; 0x746 <.L1>
     742:	87 30       	cpi	r24, 0x07	; 7
     744:	48 f0       	brcs	.+18     	; 0x758 <.L22>

00000746 <.L1>:
     746:	08 95       	ret

00000748 <.L21>:
     748:	87 30       	cpi	r24, 0x07	; 7
     74a:	e8 f7       	brcc	.-6      	; 0x746 <.L1>
     74c:	e8 2f       	mov	r30, r24
     74e:	f0 e0       	ldi	r31, 0x00	; 0
     750:	e7 50       	subi	r30, 0x07	; 7
     752:	f2 4f       	sbci	r31, 0xF2	; 242
     754:	0c 94 e2 0b 	jmp	0x17c4	; 0x17c4 <__tablejump2__>

00000758 <.L22>:
     758:	e8 2f       	mov	r30, r24
     75a:	f0 e0       	ldi	r31, 0x00	; 0
     75c:	e0 50       	subi	r30, 0x00	; 0
     75e:	f2 4f       	sbci	r31, 0xF2	; 242
     760:	0c 94 e2 0b 	jmp	0x17c4	; 0x17c4 <__tablejump2__>

00000764 <.L6>:
     764:	80 91 61 00 	lds	r24, 0x0061	; 0x800061 <__TEXT_REGION_LENGTH__+0x7e0061>
     768:	21 e0       	ldi	r18, 0x01	; 1
     76a:	01 c0       	rjmp	.+2      	; 0x76e <.L2^B1>

0000076c <.L1^B1>:
     76c:	22 0f       	add	r18, r18

0000076e <.L2^B1>:
     76e:	6a 95       	dec	r22
     770:	ea f7       	brpl	.-6      	; 0x76c <.L1^B1>
     772:	82 2b       	or	r24, r18
     774:	80 93 61 00 	sts	0x0061, r24	; 0x800061 <__TEXT_REGION_LENGTH__+0x7e0061>
     778:	08 95       	ret

0000077a <.L7>:
     77a:	82 b1       	in	r24, 0x02	; 2
     77c:	21 e0       	ldi	r18, 0x01	; 1
     77e:	01 c0       	rjmp	.+2      	; 0x782 <.L2^B2>

00000780 <.L1^B2>:
     780:	22 0f       	add	r18, r18

00000782 <.L2^B2>:
     782:	6a 95       	dec	r22
     784:	ea f7       	brpl	.-6      	; 0x780 <.L1^B2>
     786:	82 2b       	or	r24, r18
     788:	82 b9       	out	0x02, r24	; 2
     78a:	08 95       	ret

0000078c <.L8>:
     78c:	81 b3       	in	r24, 0x11	; 17
     78e:	21 e0       	ldi	r18, 0x01	; 1
     790:	01 c0       	rjmp	.+2      	; 0x794 <.L2^B3>

00000792 <.L1^B3>:
     792:	22 0f       	add	r18, r18

00000794 <.L2^B3>:
     794:	6a 95       	dec	r22
     796:	ea f7       	brpl	.-6      	; 0x792 <.L1^B3>
     798:	82 2b       	or	r24, r18
     79a:	81 bb       	out	0x11, r24	; 17
     79c:	08 95       	ret

0000079e <.L9>:
     79e:	84 b3       	in	r24, 0x14	; 20
     7a0:	21 e0       	ldi	r18, 0x01	; 1
     7a2:	01 c0       	rjmp	.+2      	; 0x7a6 <.L2^B4>

000007a4 <.L1^B4>:
     7a4:	22 0f       	add	r18, r18

000007a6 <.L2^B4>:
     7a6:	6a 95       	dec	r22
     7a8:	ea f7       	brpl	.-6      	; 0x7a4 <.L1^B4>
     7aa:	82 2b       	or	r24, r18
     7ac:	84 bb       	out	0x14, r24	; 20
     7ae:	08 95       	ret

000007b0 <.L10>:
     7b0:	87 b3       	in	r24, 0x17	; 23
     7b2:	21 e0       	ldi	r18, 0x01	; 1
     7b4:	01 c0       	rjmp	.+2      	; 0x7b8 <.L2^B5>

000007b6 <.L1^B5>:
     7b6:	22 0f       	add	r18, r18

000007b8 <.L2^B5>:
     7b8:	6a 95       	dec	r22
     7ba:	ea f7       	brpl	.-6      	; 0x7b6 <.L1^B5>
     7bc:	82 2b       	or	r24, r18
     7be:	87 bb       	out	0x17, r24	; 23
     7c0:	08 95       	ret

000007c2 <.L11>:
     7c2:	8a b3       	in	r24, 0x1a	; 26
     7c4:	21 e0       	ldi	r18, 0x01	; 1
     7c6:	01 c0       	rjmp	.+2      	; 0x7ca <.L2^B6>

000007c8 <.L1^B6>:
     7c8:	22 0f       	add	r18, r18

000007ca <.L2^B6>:
     7ca:	6a 95       	dec	r22
     7cc:	ea f7       	brpl	.-6      	; 0x7c8 <.L1^B6>
     7ce:	82 2b       	or	r24, r18
     7d0:	8a bb       	out	0x1a, r24	; 26
     7d2:	08 95       	ret

000007d4 <.L4>:
     7d4:	80 91 64 00 	lds	r24, 0x0064	; 0x800064 <__TEXT_REGION_LENGTH__+0x7e0064>
     7d8:	21 e0       	ldi	r18, 0x01	; 1
     7da:	01 c0       	rjmp	.+2      	; 0x7de <.L2^B7>

000007dc <.L1^B7>:
     7dc:	22 0f       	add	r18, r18

000007de <.L2^B7>:
     7de:	6a 95       	dec	r22
     7e0:	ea f7       	brpl	.-6      	; 0x7dc <.L1^B7>
     7e2:	82 2b       	or	r24, r18
     7e4:	80 93 64 00 	sts	0x0064, r24	; 0x800064 <__TEXT_REGION_LENGTH__+0x7e0064>
     7e8:	08 95       	ret

000007ea <.L14>:
     7ea:	20 91 61 00 	lds	r18, 0x0061	; 0x800061 <__TEXT_REGION_LENGTH__+0x7e0061>
     7ee:	81 e0       	ldi	r24, 0x01	; 1
     7f0:	01 c0       	rjmp	.+2      	; 0x7f4 <.L2^B8>

000007f2 <.L1^B8>:
     7f2:	88 0f       	add	r24, r24

000007f4 <.L2^B8>:
     7f4:	6a 95       	dec	r22
     7f6:	ea f7       	brpl	.-6      	; 0x7f2 <.L1^B8>
     7f8:	80 95       	com	r24
     7fa:	82 23       	and	r24, r18
     7fc:	80 93 61 00 	sts	0x0061, r24	; 0x800061 <__TEXT_REGION_LENGTH__+0x7e0061>
     800:	08 95       	ret

00000802 <.L15>:
     802:	22 b1       	in	r18, 0x02	; 2
     804:	81 e0       	ldi	r24, 0x01	; 1
     806:	01 c0       	rjmp	.+2      	; 0x80a <.L2^B9>

00000808 <.L1^B9>:
     808:	88 0f       	add	r24, r24

0000080a <.L2^B9>:
     80a:	6a 95       	dec	r22
     80c:	ea f7       	brpl	.-6      	; 0x808 <.L1^B9>
     80e:	80 95       	com	r24
     810:	82 23       	and	r24, r18
     812:	82 b9       	out	0x02, r24	; 2
     814:	08 95       	ret

00000816 <.L16>:
     816:	21 b3       	in	r18, 0x11	; 17
     818:	81 e0       	ldi	r24, 0x01	; 1
     81a:	01 c0       	rjmp	.+2      	; 0x81e <.L2^B10>

0000081c <.L1^B10>:
     81c:	88 0f       	add	r24, r24

0000081e <.L2^B10>:
     81e:	6a 95       	dec	r22
     820:	ea f7       	brpl	.-6      	; 0x81c <.L1^B10>
     822:	80 95       	com	r24
     824:	82 23       	and	r24, r18
     826:	81 bb       	out	0x11, r24	; 17
     828:	08 95       	ret

0000082a <.L17>:
     82a:	24 b3       	in	r18, 0x14	; 20
     82c:	81 e0       	ldi	r24, 0x01	; 1
     82e:	01 c0       	rjmp	.+2      	; 0x832 <.L2^B11>

00000830 <.L1^B11>:
     830:	88 0f       	add	r24, r24

00000832 <.L2^B11>:
     832:	6a 95       	dec	r22
     834:	ea f7       	brpl	.-6      	; 0x830 <.L1^B11>
     836:	80 95       	com	r24
     838:	82 23       	and	r24, r18
     83a:	84 bb       	out	0x14, r24	; 20
     83c:	08 95       	ret

0000083e <.L18>:
     83e:	27 b3       	in	r18, 0x17	; 23
     840:	81 e0       	ldi	r24, 0x01	; 1
     842:	01 c0       	rjmp	.+2      	; 0x846 <.L2^B12>

00000844 <.L1^B12>:
     844:	88 0f       	add	r24, r24

00000846 <.L2^B12>:
     846:	6a 95       	dec	r22
     848:	ea f7       	brpl	.-6      	; 0x844 <.L1^B12>
     84a:	80 95       	com	r24
     84c:	82 23       	and	r24, r18
     84e:	87 bb       	out	0x17, r24	; 23
     850:	08 95       	ret

00000852 <.L19>:
     852:	2a b3       	in	r18, 0x1a	; 26
     854:	81 e0       	ldi	r24, 0x01	; 1
     856:	01 c0       	rjmp	.+2      	; 0x85a <.L2^B13>

00000858 <.L1^B13>:
     858:	88 0f       	add	r24, r24

0000085a <.L2^B13>:
     85a:	6a 95       	dec	r22
     85c:	ea f7       	brpl	.-6      	; 0x858 <.L1^B13>
     85e:	80 95       	com	r24
     860:	82 23       	and	r24, r18
     862:	8a bb       	out	0x1a, r24	; 26
     864:	08 95       	ret

00000866 <.L12>:
     866:	20 91 64 00 	lds	r18, 0x0064	; 0x800064 <__TEXT_REGION_LENGTH__+0x7e0064>
     86a:	81 e0       	ldi	r24, 0x01	; 1
     86c:	01 c0       	rjmp	.+2      	; 0x870 <.L2^B14>

0000086e <.L1^B14>:
     86e:	88 0f       	add	r24, r24

00000870 <.L2^B14>:
     870:	6a 95       	dec	r22
     872:	ea f7       	brpl	.-6      	; 0x86e <.L1^B14>
     874:	80 95       	com	r24
     876:	82 23       	and	r24, r18
     878:	80 93 64 00 	sts	0x0064, r24	; 0x800064 <__TEXT_REGION_LENGTH__+0x7e0064>
     87c:	08 95       	ret

0000087e <DIO_InitGroup>:
     87e:	87 30       	cpi	r24, 0x07	; 7
     880:	40 f4       	brcc	.+16     	; 0x892 <.L23>
     882:	e8 2f       	mov	r30, r24
     884:	f0 e0       	ldi	r31, 0x00	; 0
     886:	e9 5f       	subi	r30, 0xF9	; 249
     888:	f1 4f       	sbci	r31, 0xF1	; 241
     88a:	0c 94 e2 0b 	jmp	0x17c4	; 0x17c4 <__tablejump2__>

0000088e <.L25>:
     88e:	60 93 64 00 	sts	0x0064, r22	; 0x800064 <__TEXT_REGION_LENGTH__+0x7e0064>

00000892 <.L23>:
     892:	08 95       	ret

00000894 <.L27>:
     894:	60 93 61 00 	sts	0x0061, r22	; 0x800061 <__TEXT_REGION_LENGTH__+0x7e0061>
     898:	08 95       	ret

0000089a <.L32>:
     89a:	6a bb       	out	0x1a, r22	; 26
     89c:	08 95       	ret

0000089e <.L31>:
     89e:	67 bb       	out	0x17, r22	; 23
     8a0:	08 95       	ret

000008a2 <.L30>:
     8a2:	64 bb       	out	0x14, r22	; 20
     8a4:	08 95       	ret

000008a6 <.L29>:
     8a6:	61 bb       	out	0x11, r22	; 17
     8a8:	08 95       	ret

000008aa <.L28>:
     8aa:	62 b9       	out	0x02, r22	; 2
     8ac:	08 95       	ret

000008ae <DIO_WritePin>:
     8ae:	41 30       	cpi	r20, 0x01	; 1
     8b0:	21 f0       	breq	.+8      	; 0x8ba <.L52>
     8b2:	10 f4       	brcc	.+4      	; 0x8b8 <.L33>
     8b4:	87 30       	cpi	r24, 0x07	; 7
     8b6:	48 f0       	brcs	.+18     	; 0x8ca <.L53>

000008b8 <.L33>:
     8b8:	08 95       	ret

000008ba <.L52>:
     8ba:	87 30       	cpi	r24, 0x07	; 7
     8bc:	e8 f7       	brcc	.-6      	; 0x8b8 <.L33>
     8be:	e8 2f       	mov	r30, r24
     8c0:	f0 e0       	ldi	r31, 0x00	; 0
     8c2:	e2 5f       	subi	r30, 0xF2	; 242
     8c4:	f1 4f       	sbci	r31, 0xF1	; 241
     8c6:	0c 94 e2 0b 	jmp	0x17c4	; 0x17c4 <__tablejump2__>

000008ca <.L53>:
     8ca:	e8 2f       	mov	r30, r24
     8cc:	f0 e0       	ldi	r31, 0x00	; 0
     8ce:	eb 5e       	subi	r30, 0xEB	; 235
     8d0:	f1 4f       	sbci	r31, 0xF1	; 241
     8d2:	0c 94 e2 0b 	jmp	0x17c4	; 0x17c4 <__tablejump2__>

000008d6 <.L38>:
     8d6:	80 91 62 00 	lds	r24, 0x0062	; 0x800062 <__TEXT_REGION_LENGTH__+0x7e0062>
     8da:	21 e0       	ldi	r18, 0x01	; 1
     8dc:	01 c0       	rjmp	.+2      	; 0x8e0 <.L2^B15>

000008de <.L1^B15>:
     8de:	22 0f       	add	r18, r18

000008e0 <.L2^B15>:
     8e0:	6a 95       	dec	r22
     8e2:	ea f7       	brpl	.-6      	; 0x8de <.L1^B15>
     8e4:	82 2b       	or	r24, r18
     8e6:	80 93 62 00 	sts	0x0062, r24	; 0x800062 <__TEXT_REGION_LENGTH__+0x7e0062>
     8ea:	08 95       	ret

000008ec <.L39>:
     8ec:	83 b1       	in	r24, 0x03	; 3
     8ee:	21 e0       	ldi	r18, 0x01	; 1
     8f0:	01 c0       	rjmp	.+2      	; 0x8f4 <.L2^B16>

000008f2 <.L1^B16>:
     8f2:	22 0f       	add	r18, r18

000008f4 <.L2^B16>:
     8f4:	6a 95       	dec	r22
     8f6:	ea f7       	brpl	.-6      	; 0x8f2 <.L1^B16>
     8f8:	82 2b       	or	r24, r18
     8fa:	83 b9       	out	0x03, r24	; 3
     8fc:	08 95       	ret

000008fe <.L40>:
     8fe:	82 b3       	in	r24, 0x12	; 18
     900:	21 e0       	ldi	r18, 0x01	; 1
     902:	01 c0       	rjmp	.+2      	; 0x906 <.L2^B17>

00000904 <.L1^B17>:
     904:	22 0f       	add	r18, r18

00000906 <.L2^B17>:
     906:	6a 95       	dec	r22
     908:	ea f7       	brpl	.-6      	; 0x904 <.L1^B17>
     90a:	82 2b       	or	r24, r18
     90c:	82 bb       	out	0x12, r24	; 18
     90e:	08 95       	ret

00000910 <.L41>:
     910:	85 b3       	in	r24, 0x15	; 21
     912:	21 e0       	ldi	r18, 0x01	; 1
     914:	01 c0       	rjmp	.+2      	; 0x918 <.L2^B18>

00000916 <.L1^B18>:
     916:	22 0f       	add	r18, r18

00000918 <.L2^B18>:
     918:	6a 95       	dec	r22
     91a:	ea f7       	brpl	.-6      	; 0x916 <.L1^B18>
     91c:	82 2b       	or	r24, r18
     91e:	85 bb       	out	0x15, r24	; 21
     920:	08 95       	ret

00000922 <.L42>:
     922:	88 b3       	in	r24, 0x18	; 24
     924:	21 e0       	ldi	r18, 0x01	; 1
     926:	01 c0       	rjmp	.+2      	; 0x92a <.L2^B19>

00000928 <.L1^B19>:
     928:	22 0f       	add	r18, r18

0000092a <.L2^B19>:
     92a:	6a 95       	dec	r22
     92c:	ea f7       	brpl	.-6      	; 0x928 <.L1^B19>
     92e:	82 2b       	or	r24, r18
     930:	88 bb       	out	0x18, r24	; 24
     932:	08 95       	ret

00000934 <.L43>:
     934:	8b b3       	in	r24, 0x1b	; 27
     936:	21 e0       	ldi	r18, 0x01	; 1
     938:	01 c0       	rjmp	.+2      	; 0x93c <.L2^B20>

0000093a <.L1^B20>:
     93a:	22 0f       	add	r18, r18

0000093c <.L2^B20>:
     93c:	6a 95       	dec	r22
     93e:	ea f7       	brpl	.-6      	; 0x93a <.L1^B20>
     940:	82 2b       	or	r24, r18
     942:	8b bb       	out	0x1b, r24	; 27
     944:	08 95       	ret

00000946 <.L36>:
     946:	80 91 65 00 	lds	r24, 0x0065	; 0x800065 <__TEXT_REGION_LENGTH__+0x7e0065>
     94a:	21 e0       	ldi	r18, 0x01	; 1
     94c:	01 c0       	rjmp	.+2      	; 0x950 <.L2^B21>

0000094e <.L1^B21>:
     94e:	22 0f       	add	r18, r18

00000950 <.L2^B21>:
     950:	6a 95       	dec	r22
     952:	ea f7       	brpl	.-6      	; 0x94e <.L1^B21>
     954:	82 2b       	or	r24, r18
     956:	80 93 65 00 	sts	0x0065, r24	; 0x800065 <__TEXT_REGION_LENGTH__+0x7e0065>
     95a:	08 95       	ret

0000095c <.L46>:
     95c:	20 91 62 00 	lds	r18, 0x0062	; 0x800062 <__TEXT_REGION_LENGTH__+0x7e0062>
     960:	81 e0       	ldi	r24, 0x01	; 1
     962:	01 c0       	rjmp	.+2      	; 0x966 <.L2^B22>

00000964 <.L1^B22>:
     964:	88 0f       	add	r24, r24

00000966 <.L2^B22>:
     966:	6a 95       	dec	r22
     968:	ea f7       	brpl	.-6      	; 0x964 <.L1^B22>
     96a:	80 95       	com	r24
     96c:	82 23       	and	r24, r18
     96e:	80 93 62 00 	sts	0x0062, r24	; 0x800062 <__TEXT_REGION_LENGTH__+0x7e0062>
     972:	08 95       	ret

00000974 <.L47>:
     974:	23 b1       	in	r18, 0x03	; 3
     976:	81 e0       	ldi	r24, 0x01	; 1
     978:	01 c0       	rjmp	.+2      	; 0x97c <.L2^B23>

0000097a <.L1^B23>:
     97a:	88 0f       	add	r24, r24

0000097c <.L2^B23>:
     97c:	6a 95       	dec	r22
     97e:	ea f7       	brpl	.-6      	; 0x97a <.L1^B23>
     980:	80 95       	com	r24
     982:	82 23       	and	r24, r18
     984:	83 b9       	out	0x03, r24	; 3
     986:	08 95       	ret

00000988 <.L48>:
     988:	22 b3       	in	r18, 0x12	; 18
     98a:	81 e0       	ldi	r24, 0x01	; 1
     98c:	01 c0       	rjmp	.+2      	; 0x990 <.L2^B24>

0000098e <.L1^B24>:
     98e:	88 0f       	add	r24, r24

00000990 <.L2^B24>:
     990:	6a 95       	dec	r22
     992:	ea f7       	brpl	.-6      	; 0x98e <.L1^B24>
     994:	80 95       	com	r24
     996:	82 23       	and	r24, r18
     998:	82 bb       	out	0x12, r24	; 18
     99a:	08 95       	ret

0000099c <.L49>:
     99c:	25 b3       	in	r18, 0x15	; 21
     99e:	81 e0       	ldi	r24, 0x01	; 1
     9a0:	01 c0       	rjmp	.+2      	; 0x9a4 <.L2^B25>

000009a2 <.L1^B25>:
     9a2:	88 0f       	add	r24, r24

000009a4 <.L2^B25>:
     9a4:	6a 95       	dec	r22
     9a6:	ea f7       	brpl	.-6      	; 0x9a2 <.L1^B25>
     9a8:	80 95       	com	r24
     9aa:	82 23       	and	r24, r18
     9ac:	85 bb       	out	0x15, r24	; 21
     9ae:	08 95       	ret

000009b0 <.L50>:
     9b0:	28 b3       	in	r18, 0x18	; 24
     9b2:	81 e0       	ldi	r24, 0x01	; 1
     9b4:	01 c0       	rjmp	.+2      	; 0x9b8 <.L2^B26>

000009b6 <.L1^B26>:
     9b6:	88 0f       	add	r24, r24

000009b8 <.L2^B26>:
     9b8:	6a 95       	dec	r22
     9ba:	ea f7       	brpl	.-6      	; 0x9b6 <.L1^B26>
     9bc:	80 95       	com	r24
     9be:	82 23       	and	r24, r18
     9c0:	88 bb       	out	0x18, r24	; 24
     9c2:	08 95       	ret

000009c4 <.L51>:
     9c4:	2b b3       	in	r18, 0x1b	; 27
     9c6:	81 e0       	ldi	r24, 0x01	; 1
     9c8:	01 c0       	rjmp	.+2      	; 0x9cc <.L2^B27>

000009ca <.L1^B27>:
     9ca:	88 0f       	add	r24, r24

000009cc <.L2^B27>:
     9cc:	6a 95       	dec	r22
     9ce:	ea f7       	brpl	.-6      	; 0x9ca <.L1^B27>
     9d0:	80 95       	com	r24
     9d2:	82 23       	and	r24, r18
     9d4:	8b bb       	out	0x1b, r24	; 27
     9d6:	08 95       	ret

000009d8 <.L44>:
     9d8:	20 91 65 00 	lds	r18, 0x0065	; 0x800065 <__TEXT_REGION_LENGTH__+0x7e0065>
     9dc:	81 e0       	ldi	r24, 0x01	; 1
     9de:	01 c0       	rjmp	.+2      	; 0x9e2 <.L2^B28>

000009e0 <.L1^B28>:
     9e0:	88 0f       	add	r24, r24

000009e2 <.L2^B28>:
     9e2:	6a 95       	dec	r22
     9e4:	ea f7       	brpl	.-6      	; 0x9e0 <.L1^B28>
     9e6:	80 95       	com	r24
     9e8:	82 23       	and	r24, r18
     9ea:	80 93 65 00 	sts	0x0065, r24	; 0x800065 <__TEXT_REGION_LENGTH__+0x7e0065>
     9ee:	08 95       	ret

000009f0 <DIO_WriteGroup>:
     9f0:	87 30       	cpi	r24, 0x07	; 7
     9f2:	40 f4       	brcc	.+16     	; 0xa04 <.L54>
     9f4:	e8 2f       	mov	r30, r24
     9f6:	f0 e0       	ldi	r31, 0x00	; 0
     9f8:	e4 5e       	subi	r30, 0xE4	; 228
     9fa:	f1 4f       	sbci	r31, 0xF1	; 241
     9fc:	0c 94 e2 0b 	jmp	0x17c4	; 0x17c4 <__tablejump2__>

00000a00 <.L56>:
     a00:	60 93 65 00 	sts	0x0065, r22	; 0x800065 <__TEXT_REGION_LENGTH__+0x7e0065>

00000a04 <.L54>:
     a04:	08 95       	ret

00000a06 <.L58>:
     a06:	60 93 62 00 	sts	0x0062, r22	; 0x800062 <__TEXT_REGION_LENGTH__+0x7e0062>
     a0a:	08 95       	ret

00000a0c <.L63>:
     a0c:	6b bb       	out	0x1b, r22	; 27
     a0e:	08 95       	ret

00000a10 <.L62>:
     a10:	68 bb       	out	0x18, r22	; 24
     a12:	08 95       	ret

00000a14 <.L61>:
     a14:	65 bb       	out	0x15, r22	; 21
     a16:	08 95       	ret

00000a18 <.L60>:
     a18:	62 bb       	out	0x12, r22	; 18
     a1a:	08 95       	ret

00000a1c <.L59>:
     a1c:	63 b9       	out	0x03, r22	; 3
     a1e:	08 95       	ret

00000a20 <DIO_ReadPin>:
     a20:	41 15       	cp	r20, r1
     a22:	51 05       	cpc	r21, r1
     a24:	b9 f0       	breq	.+46     	; 0xa54 <.L64>
     a26:	87 30       	cpi	r24, 0x07	; 7
     a28:	a8 f4       	brcc	.+42     	; 0xa54 <.L64>
     a2a:	68 30       	cpi	r22, 0x08	; 8
     a2c:	98 f4       	brcc	.+38     	; 0xa54 <.L64>
     a2e:	84 30       	cpi	r24, 0x04	; 4
     a30:	f9 f0       	breq	.+62     	; 0xa70 <.L66>
     a32:	88 f4       	brcc	.+34     	; 0xa56 <.L67>
     a34:	82 30       	cpi	r24, 0x02	; 2
     a36:	d1 f0       	breq	.+52     	; 0xa6c <.L68>
     a38:	83 30       	cpi	r24, 0x03	; 3
     a3a:	a1 f0       	breq	.+40     	; 0xa64 <.L69>
     a3c:	81 30       	cpi	r24, 0x01	; 1
     a3e:	a1 f4       	brne	.+40     	; 0xa68 <.L80>
     a40:	86 b3       	in	r24, 0x16	; 22

00000a42 <.L79>:
     a42:	90 e0       	ldi	r25, 0x00	; 0
     a44:	02 c0       	rjmp	.+4      	; 0xa4a <.L2^B29>

00000a46 <.L1^B29>:
     a46:	95 95       	asr	r25
     a48:	87 95       	ror	r24

00000a4a <.L2^B29>:
     a4a:	6a 95       	dec	r22
     a4c:	e2 f7       	brpl	.-8      	; 0xa46 <.L1^B29>
     a4e:	81 70       	andi	r24, 0x01	; 1
     a50:	fa 01       	movw	r30, r20
     a52:	80 83       	st	Z, r24

00000a54 <.L64>:
     a54:	08 95       	ret

00000a56 <.L67>:
     a56:	85 30       	cpi	r24, 0x05	; 5
     a58:	19 f0       	breq	.+6      	; 0xa60 <.L81>
     a5a:	80 91 63 00 	lds	r24, 0x0063	; 0x800063 <__TEXT_REGION_LENGTH__+0x7e0063>
     a5e:	f1 cf       	rjmp	.-30     	; 0xa42 <.L79>

00000a60 <.L81>:
     a60:	80 b1       	in	r24, 0x00	; 0
     a62:	ef cf       	rjmp	.-34     	; 0xa42 <.L79>

00000a64 <.L69>:
     a64:	80 b3       	in	r24, 0x10	; 16
     a66:	ed cf       	rjmp	.-38     	; 0xa42 <.L79>

00000a68 <.L80>:
     a68:	89 b3       	in	r24, 0x19	; 25
     a6a:	eb cf       	rjmp	.-42     	; 0xa42 <.L79>

00000a6c <.L68>:
     a6c:	83 b3       	in	r24, 0x13	; 19
     a6e:	e9 cf       	rjmp	.-46     	; 0xa42 <.L79>

00000a70 <.L66>:
     a70:	81 b1       	in	r24, 0x01	; 1
     a72:	e7 cf       	rjmp	.-50     	; 0xa42 <.L79>

00000a74 <DIO_ReadGroup>:
     a74:	61 15       	cp	r22, r1
     a76:	71 05       	cpc	r23, r1
     a78:	a9 f0       	breq	.+42     	; 0xaa4 <.L82>
     a7a:	87 30       	cpi	r24, 0x07	; 7
     a7c:	98 f4       	brcc	.+38     	; 0xaa4 <.L82>
     a7e:	84 30       	cpi	r24, 0x04	; 4
     a80:	91 f0       	breq	.+36     	; 0xaa6 <.L84>
     a82:	50 f4       	brcc	.+20     	; 0xa98 <.L95>
     a84:	82 30       	cpi	r24, 0x02	; 2
     a86:	b9 f0       	breq	.+46     	; 0xab6 <.L88>
     a88:	83 30       	cpi	r24, 0x03	; 3
     a8a:	89 f0       	breq	.+34     	; 0xaae <.L89>
     a8c:	81 30       	cpi	r24, 0x01	; 1
     a8e:	b9 f4       	brne	.+46     	; 0xabe <.L96>
     a90:	86 b3       	in	r24, 0x16	; 22
     a92:	fb 01       	movw	r30, r22
     a94:	80 83       	st	Z, r24
     a96:	08 95       	ret

00000a98 <.L95>:
     a98:	85 30       	cpi	r24, 0x05	; 5
     a9a:	a9 f0       	breq	.+42     	; 0xac6 <.L97>
     a9c:	80 91 63 00 	lds	r24, 0x0063	; 0x800063 <__TEXT_REGION_LENGTH__+0x7e0063>
     aa0:	fb 01       	movw	r30, r22
     aa2:	80 83       	st	Z, r24

00000aa4 <.L82>:
     aa4:	08 95       	ret

00000aa6 <.L84>:
     aa6:	81 b1       	in	r24, 0x01	; 1
     aa8:	fb 01       	movw	r30, r22
     aaa:	80 83       	st	Z, r24
     aac:	08 95       	ret

00000aae <.L89>:
     aae:	80 b3       	in	r24, 0x10	; 16
     ab0:	fb 01       	movw	r30, r22
     ab2:	80 83       	st	Z, r24
     ab4:	08 95       	ret

00000ab6 <.L88>:
     ab6:	83 b3       	in	r24, 0x13	; 19
     ab8:	fb 01       	movw	r30, r22
     aba:	80 83       	st	Z, r24
     abc:	08 95       	ret

00000abe <.L96>:
     abe:	89 b3       	in	r24, 0x19	; 25
     ac0:	fb 01       	movw	r30, r22
     ac2:	80 83       	st	Z, r24
     ac4:	08 95       	ret

00000ac6 <.L97>:
     ac6:	80 b1       	in	r24, 0x00	; 0
     ac8:	fb 01       	movw	r30, r22
     aca:	80 83       	st	Z, r24
     acc:	08 95       	ret

00000ace <DIO_TogglePin>:
     ace:	87 30       	cpi	r24, 0x07	; 7
     ad0:	c8 f4       	brcc	.+50     	; 0xb04 <.L98>
     ad2:	21 e0       	ldi	r18, 0x01	; 1
     ad4:	01 c0       	rjmp	.+2      	; 0xad8 <.L2^B30>

00000ad6 <.L1^B30>:
     ad6:	22 0f       	add	r18, r18

00000ad8 <.L2^B30>:
     ad8:	6a 95       	dec	r22
     ada:	ea f7       	brpl	.-6      	; 0xad6 <.L1^B30>
     adc:	84 30       	cpi	r24, 0x04	; 4
     ade:	99 f0       	breq	.+38     	; 0xb06 <.L100>
     ae0:	50 f4       	brcc	.+20     	; 0xaf6 <.L108>
     ae2:	82 30       	cpi	r24, 0x02	; 2
     ae4:	a1 f0       	breq	.+40     	; 0xb0e <.L104>
     ae6:	83 30       	cpi	r24, 0x03	; 3
     ae8:	d1 f0       	breq	.+52     	; 0xb1e <.L105>
     aea:	81 30       	cpi	r24, 0x01	; 1
     aec:	a1 f4       	brne	.+40     	; 0xb16 <.L109>
     aee:	87 b3       	in	r24, 0x17	; 23
     af0:	82 27       	eor	r24, r18
     af2:	87 bb       	out	0x17, r24	; 23
     af4:	08 95       	ret

00000af6 <.L108>:
     af6:	85 30       	cpi	r24, 0x05	; 5
     af8:	b1 f0       	breq	.+44     	; 0xb26 <.L110>
     afa:	80 91 64 00 	lds	r24, 0x0064	; 0x800064 <__TEXT_REGION_LENGTH__+0x7e0064>
     afe:	82 27       	eor	r24, r18
     b00:	80 93 64 00 	sts	0x0064, r24	; 0x800064 <__TEXT_REGION_LENGTH__+0x7e0064>

00000b04 <.L98>:
     b04:	08 95       	ret

00000b06 <.L100>:
     b06:	82 b1       	in	r24, 0x02	; 2
     b08:	82 27       	eor	r24, r18
     b0a:	82 b9       	out	0x02, r24	; 2
     b0c:	08 95       	ret

00000b0e <.L104>:
     b0e:	84 b3       	in	r24, 0x14	; 20
     b10:	82 27       	eor	r24, r18
     b12:	84 bb       	out	0x14, r24	; 20
     b14:	08 95       	ret

00000b16 <.L109>:
     b16:	8a b3       	in	r24, 0x1a	; 26
     b18:	82 27       	eor	r24, r18
     b1a:	8a bb       	out	0x1a, r24	; 26
     b1c:	08 95       	ret

00000b1e <.L105>:
     b1e:	81 b3       	in	r24, 0x11	; 17
     b20:	82 27       	eor	r24, r18
     b22:	81 bb       	out	0x11, r24	; 17
     b24:	08 95       	ret

00000b26 <.L110>:
     b26:	80 91 61 00 	lds	r24, 0x0061	; 0x800061 <__TEXT_REGION_LENGTH__+0x7e0061>
     b2a:	82 27       	eor	r24, r18
     b2c:	80 93 61 00 	sts	0x0061, r24	; 0x800061 <__TEXT_REGION_LENGTH__+0x7e0061>
     b30:	08 95       	ret

00000b32 <EXTI_Init>:
     b32:	88 30       	cpi	r24, 0x08	; 8
     b34:	98 f4       	brcc	.+38     	; 0xb5c <.L1>
     b36:	e8 2f       	mov	r30, r24
     b38:	f0 e0       	ldi	r31, 0x00	; 0
     b3a:	ed 5d       	subi	r30, 0xDD	; 221
     b3c:	f1 4f       	sbci	r31, 0xF1	; 241
     b3e:	0c 94 e2 0b 	jmp	0x17c4	; 0x17c4 <__tablejump2__>

00000b42 <.L29>:
     b42:	09 f4       	brne	.+2      	; 0xb46 <L0^A+0x2>

00000b44 <L0^A>:
     b44:	d5 c0       	rjmp	.+426    	; 0xcf0 <.L33>
     b46:	62 30       	cpi	r22, 0x02	; 2
     b48:	09 f4       	brne	.+2      	; 0xb4c <L0^A+0x2>

00000b4a <L0^A>:
     b4a:	1a c1       	rjmp	.+564    	; 0xd80 <.L34>
     b4c:	63 30       	cpi	r22, 0x03	; 3
     b4e:	31 f4       	brne	.+12     	; 0xb5c <.L1>
     b50:	8a b7       	in	r24, 0x3a	; 58
     b52:	82 60       	ori	r24, 0x02	; 2
     b54:	8a bf       	out	0x3a, r24	; 58
     b56:	8a b7       	in	r24, 0x3a	; 58
     b58:	81 60       	ori	r24, 0x01	; 1
     b5a:	8a bf       	out	0x3a, r24	; 58

00000b5c <.L1>:
     b5c:	08 95       	ret

00000b5e <.L5>:
     b5e:	61 30       	cpi	r22, 0x01	; 1
     b60:	08 f0       	brcs	.+2      	; 0xb64 <L0^A+0x2>

00000b62 <L0^A>:
     b62:	57 c0       	rjmp	.+174    	; 0xc12 <.L26>
     b64:	8a b7       	in	r24, 0x3a	; 58
     b66:	87 7f       	andi	r24, 0xF7	; 247
     b68:	8a bf       	out	0x3a, r24	; 58
     b6a:	8a b7       	in	r24, 0x3a	; 58
     b6c:	8b 7f       	andi	r24, 0xFB	; 251
     b6e:	8a bf       	out	0x3a, r24	; 58
     b70:	08 95       	ret

00000b72 <.L3>:
     b72:	61 30       	cpi	r22, 0x01	; 1
     b74:	30 f7       	brcc	.-52     	; 0xb42 <.L29>
     b76:	8a b7       	in	r24, 0x3a	; 58
     b78:	8d 7f       	andi	r24, 0xFD	; 253
     b7a:	8a bf       	out	0x3a, r24	; 58
     b7c:	8a b7       	in	r24, 0x3a	; 58
     b7e:	8e 7f       	andi	r24, 0xFE	; 254
     b80:	8a bf       	out	0x3a, r24	; 58
     b82:	08 95       	ret

00000b84 <.L11>:
     b84:	61 11       	cpse	r22, r1
     b86:	63 c0       	rjmp	.+198    	; 0xc4e <.L12>
     b88:	80 91 6a 00 	lds	r24, 0x006A	; 0x80006a <__TEXT_REGION_LENGTH__+0x7e006a>
     b8c:	8f 77       	andi	r24, 0x7F	; 127
     b8e:	80 93 6a 00 	sts	0x006A, r24	; 0x80006a <__TEXT_REGION_LENGTH__+0x7e006a>
     b92:	80 91 6a 00 	lds	r24, 0x006A	; 0x80006a <__TEXT_REGION_LENGTH__+0x7e006a>
     b96:	8f 7b       	andi	r24, 0xBF	; 191
     b98:	80 93 6a 00 	sts	0x006A, r24	; 0x80006a <__TEXT_REGION_LENGTH__+0x7e006a>
     b9c:	08 95       	ret

00000b9e <.L10>:
     b9e:	61 11       	cpse	r22, r1
     ba0:	67 c0       	rjmp	.+206    	; 0xc70 <.L14>
     ba2:	80 91 6a 00 	lds	r24, 0x006A	; 0x80006a <__TEXT_REGION_LENGTH__+0x7e006a>
     ba6:	8f 7d       	andi	r24, 0xDF	; 223
     ba8:	80 93 6a 00 	sts	0x006A, r24	; 0x80006a <__TEXT_REGION_LENGTH__+0x7e006a>
     bac:	80 91 6a 00 	lds	r24, 0x006A	; 0x80006a <__TEXT_REGION_LENGTH__+0x7e006a>
     bb0:	8f 7e       	andi	r24, 0xEF	; 239
     bb2:	80 93 6a 00 	sts	0x006A, r24	; 0x80006a <__TEXT_REGION_LENGTH__+0x7e006a>
     bb6:	08 95       	ret

00000bb8 <.L9>:
     bb8:	61 11       	cpse	r22, r1
     bba:	79 c0       	rjmp	.+242    	; 0xcae <.L16>
     bbc:	80 91 6a 00 	lds	r24, 0x006A	; 0x80006a <__TEXT_REGION_LENGTH__+0x7e006a>
     bc0:	87 7f       	andi	r24, 0xF7	; 247
     bc2:	80 93 6a 00 	sts	0x006A, r24	; 0x80006a <__TEXT_REGION_LENGTH__+0x7e006a>
     bc6:	80 91 6a 00 	lds	r24, 0x006A	; 0x80006a <__TEXT_REGION_LENGTH__+0x7e006a>
     bca:	8b 7f       	andi	r24, 0xFB	; 251
     bcc:	80 93 6a 00 	sts	0x006A, r24	; 0x80006a <__TEXT_REGION_LENGTH__+0x7e006a>
     bd0:	08 95       	ret

00000bd2 <.L7>:
     bd2:	61 30       	cpi	r22, 0x01	; 1
     bd4:	08 f0       	brcs	.+2      	; 0xbd8 <L0^A+0x2>

00000bd6 <L0^A>:
     bd6:	5d c0       	rjmp	.+186    	; 0xc92 <.L20>
     bd8:	8a b7       	in	r24, 0x3a	; 58
     bda:	8f 77       	andi	r24, 0x7F	; 127
     bdc:	8a bf       	out	0x3a, r24	; 58
     bde:	8a b7       	in	r24, 0x3a	; 58
     be0:	8f 7b       	andi	r24, 0xBF	; 191
     be2:	8a bf       	out	0x3a, r24	; 58
     be4:	08 95       	ret

00000be6 <.L8>:
     be6:	61 11       	cpse	r22, r1
     be8:	73 c0       	rjmp	.+230    	; 0xcd0 <.L18>
     bea:	80 91 6a 00 	lds	r24, 0x006A	; 0x80006a <__TEXT_REGION_LENGTH__+0x7e006a>
     bee:	8d 7f       	andi	r24, 0xFD	; 253
     bf0:	80 93 6a 00 	sts	0x006A, r24	; 0x80006a <__TEXT_REGION_LENGTH__+0x7e006a>
     bf4:	80 91 6a 00 	lds	r24, 0x006A	; 0x80006a <__TEXT_REGION_LENGTH__+0x7e006a>
     bf8:	8e 7f       	andi	r24, 0xFE	; 254
     bfa:	80 93 6a 00 	sts	0x006A, r24	; 0x80006a <__TEXT_REGION_LENGTH__+0x7e006a>
     bfe:	08 95       	ret

00000c00 <.L6>:
     c00:	61 30       	cpi	r22, 0x01	; 1
     c02:	b0 f4       	brcc	.+44     	; 0xc30 <.L23>
     c04:	8a b7       	in	r24, 0x3a	; 58
     c06:	8f 7d       	andi	r24, 0xDF	; 223
     c08:	8a bf       	out	0x3a, r24	; 58
     c0a:	8a b7       	in	r24, 0x3a	; 58
     c0c:	8f 7e       	andi	r24, 0xEF	; 239
     c0e:	8a bf       	out	0x3a, r24	; 58
     c10:	08 95       	ret

00000c12 <.L26>:
     c12:	09 f4       	brne	.+2      	; 0xc16 <L0^A+0x2>

00000c14 <L0^A>:
     c14:	ae c0       	rjmp	.+348    	; 0xd72 <.L35>
     c16:	62 30       	cpi	r22, 0x02	; 2
     c18:	09 f4       	brne	.+2      	; 0xc1c <L0^A+0x2>

00000c1a <L0^A>:
     c1a:	c0 c0       	rjmp	.+384    	; 0xd9c <.L36>
     c1c:	63 30       	cpi	r22, 0x03	; 3
     c1e:	09 f0       	breq	.+2      	; 0xc22 <L0^A+0x2>

00000c20 <L0^A>:
     c20:	9d cf       	rjmp	.-198    	; 0xb5c <.L1>
     c22:	8a b7       	in	r24, 0x3a	; 58
     c24:	88 60       	ori	r24, 0x08	; 8
     c26:	8a bf       	out	0x3a, r24	; 58
     c28:	8a b7       	in	r24, 0x3a	; 58
     c2a:	84 60       	ori	r24, 0x04	; 4
     c2c:	8a bf       	out	0x3a, r24	; 58
     c2e:	08 95       	ret

00000c30 <.L23>:
     c30:	09 f4       	brne	.+2      	; 0xc34 <L0^A+0x2>

00000c32 <L0^A>:
     c32:	98 c0       	rjmp	.+304    	; 0xd64 <.L37>
     c34:	62 30       	cpi	r22, 0x02	; 2
     c36:	09 f4       	brne	.+2      	; 0xc3a <L0^A+0x2>

00000c38 <L0^A>:
     c38:	aa c0       	rjmp	.+340    	; 0xd8e <.L38>
     c3a:	63 30       	cpi	r22, 0x03	; 3
     c3c:	09 f0       	breq	.+2      	; 0xc40 <L0^A+0x2>

00000c3e <L0^A>:
     c3e:	8e cf       	rjmp	.-228    	; 0xb5c <.L1>
     c40:	8a b7       	in	r24, 0x3a	; 58
     c42:	80 62       	ori	r24, 0x20	; 32
     c44:	8a bf       	out	0x3a, r24	; 58
     c46:	8a b7       	in	r24, 0x3a	; 58
     c48:	80 61       	ori	r24, 0x10	; 16
     c4a:	8a bf       	out	0x3a, r24	; 58
     c4c:	08 95       	ret

00000c4e <.L12>:
     c4e:	62 30       	cpi	r22, 0x02	; 2
     c50:	09 f4       	brne	.+2      	; 0xc54 <L0^A+0x2>

00000c52 <L0^A>:
     c52:	5c c0       	rjmp	.+184    	; 0xd0c <.L39>
     c54:	63 30       	cpi	r22, 0x03	; 3
     c56:	09 f0       	breq	.+2      	; 0xc5a <L0^A+0x2>

00000c58 <L0^A>:
     c58:	81 cf       	rjmp	.-254    	; 0xb5c <.L1>
     c5a:	80 91 6a 00 	lds	r24, 0x006A	; 0x80006a <__TEXT_REGION_LENGTH__+0x7e006a>
     c5e:	80 68       	ori	r24, 0x80	; 128
     c60:	80 93 6a 00 	sts	0x006A, r24	; 0x80006a <__TEXT_REGION_LENGTH__+0x7e006a>
     c64:	80 91 6a 00 	lds	r24, 0x006A	; 0x80006a <__TEXT_REGION_LENGTH__+0x7e006a>
     c68:	80 64       	ori	r24, 0x40	; 64
     c6a:	80 93 6a 00 	sts	0x006A, r24	; 0x80006a <__TEXT_REGION_LENGTH__+0x7e006a>
     c6e:	08 95       	ret

00000c70 <.L14>:
     c70:	62 30       	cpi	r22, 0x02	; 2
     c72:	09 f4       	brne	.+2      	; 0xc76 <L0^A+0x2>

00000c74 <L0^A>:
     c74:	6c c0       	rjmp	.+216    	; 0xd4e <.L40>
     c76:	63 30       	cpi	r22, 0x03	; 3
     c78:	09 f0       	breq	.+2      	; 0xc7c <L0^A+0x2>

00000c7a <L0^A>:
     c7a:	70 cf       	rjmp	.-288    	; 0xb5c <.L1>
     c7c:	80 91 6a 00 	lds	r24, 0x006A	; 0x80006a <__TEXT_REGION_LENGTH__+0x7e006a>
     c80:	80 62       	ori	r24, 0x20	; 32
     c82:	80 93 6a 00 	sts	0x006A, r24	; 0x80006a <__TEXT_REGION_LENGTH__+0x7e006a>
     c86:	80 91 6a 00 	lds	r24, 0x006A	; 0x80006a <__TEXT_REGION_LENGTH__+0x7e006a>
     c8a:	80 61       	ori	r24, 0x10	; 16
     c8c:	80 93 6a 00 	sts	0x006A, r24	; 0x80006a <__TEXT_REGION_LENGTH__+0x7e006a>
     c90:	08 95       	ret

00000c92 <.L20>:
     c92:	a9 f1       	breq	.+106    	; 0xcfe <.L41>
     c94:	62 30       	cpi	r22, 0x02	; 2
     c96:	09 f4       	brne	.+2      	; 0xc9a <L0^A+0x2>

00000c98 <L0^A>:
     c98:	88 c0       	rjmp	.+272    	; 0xdaa <.L42>
     c9a:	63 30       	cpi	r22, 0x03	; 3
     c9c:	09 f0       	breq	.+2      	; 0xca0 <L0^A+0x2>

00000c9e <L0^A>:
     c9e:	5e cf       	rjmp	.-324    	; 0xb5c <.L1>
     ca0:	8a b7       	in	r24, 0x3a	; 58
     ca2:	80 68       	ori	r24, 0x80	; 128
     ca4:	8a bf       	out	0x3a, r24	; 58
     ca6:	8a b7       	in	r24, 0x3a	; 58
     ca8:	80 64       	ori	r24, 0x40	; 64
     caa:	8a bf       	out	0x3a, r24	; 58
     cac:	08 95       	ret

00000cae <.L16>:
     cae:	62 30       	cpi	r22, 0x02	; 2
     cb0:	09 f4       	brne	.+2      	; 0xcb4 <L0^A+0x2>

00000cb2 <L0^A>:
     cb2:	42 c0       	rjmp	.+132    	; 0xd38 <.L43>
     cb4:	63 30       	cpi	r22, 0x03	; 3
     cb6:	09 f0       	breq	.+2      	; 0xcba <L0^A+0x2>

00000cb8 <L0^A>:
     cb8:	51 cf       	rjmp	.-350    	; 0xb5c <.L1>
     cba:	80 91 6a 00 	lds	r24, 0x006A	; 0x80006a <__TEXT_REGION_LENGTH__+0x7e006a>
     cbe:	88 60       	ori	r24, 0x08	; 8
     cc0:	80 93 6a 00 	sts	0x006A, r24	; 0x80006a <__TEXT_REGION_LENGTH__+0x7e006a>
     cc4:	80 91 6a 00 	lds	r24, 0x006A	; 0x80006a <__TEXT_REGION_LENGTH__+0x7e006a>
     cc8:	84 60       	ori	r24, 0x04	; 4
     cca:	80 93 6a 00 	sts	0x006A, r24	; 0x80006a <__TEXT_REGION_LENGTH__+0x7e006a>
     cce:	08 95       	ret

00000cd0 <.L18>:
     cd0:	62 30       	cpi	r22, 0x02	; 2
     cd2:	39 f1       	breq	.+78     	; 0xd22 <.L44>
     cd4:	63 30       	cpi	r22, 0x03	; 3
     cd6:	09 f0       	breq	.+2      	; 0xcda <L0^A+0x2>

00000cd8 <L0^A>:
     cd8:	41 cf       	rjmp	.-382    	; 0xb5c <.L1>
     cda:	80 91 6a 00 	lds	r24, 0x006A	; 0x80006a <__TEXT_REGION_LENGTH__+0x7e006a>
     cde:	82 60       	ori	r24, 0x02	; 2
     ce0:	80 93 6a 00 	sts	0x006A, r24	; 0x80006a <__TEXT_REGION_LENGTH__+0x7e006a>
     ce4:	80 91 6a 00 	lds	r24, 0x006A	; 0x80006a <__TEXT_REGION_LENGTH__+0x7e006a>
     ce8:	81 60       	ori	r24, 0x01	; 1
     cea:	80 93 6a 00 	sts	0x006A, r24	; 0x80006a <__TEXT_REGION_LENGTH__+0x7e006a>
     cee:	08 95       	ret

00000cf0 <.L33>:
     cf0:	8a b7       	in	r24, 0x3a	; 58
     cf2:	8d 7f       	andi	r24, 0xFD	; 253
     cf4:	8a bf       	out	0x3a, r24	; 58
     cf6:	8a b7       	in	r24, 0x3a	; 58
     cf8:	81 60       	ori	r24, 0x01	; 1
     cfa:	8a bf       	out	0x3a, r24	; 58
     cfc:	08 95       	ret

00000cfe <.L41>:
     cfe:	8a b7       	in	r24, 0x3a	; 58
     d00:	8f 77       	andi	r24, 0x7F	; 127
     d02:	8a bf       	out	0x3a, r24	; 58
     d04:	8a b7       	in	r24, 0x3a	; 58
     d06:	80 64       	ori	r24, 0x40	; 64
     d08:	8a bf       	out	0x3a, r24	; 58
     d0a:	08 95       	ret

00000d0c <.L39>:
     d0c:	80 91 6a 00 	lds	r24, 0x006A	; 0x80006a <__TEXT_REGION_LENGTH__+0x7e006a>
     d10:	80 68       	ori	r24, 0x80	; 128
     d12:	80 93 6a 00 	sts	0x006A, r24	; 0x80006a <__TEXT_REGION_LENGTH__+0x7e006a>
     d16:	80 91 6a 00 	lds	r24, 0x006A	; 0x80006a <__TEXT_REGION_LENGTH__+0x7e006a>
     d1a:	8f 7b       	andi	r24, 0xBF	; 191
     d1c:	80 93 6a 00 	sts	0x006A, r24	; 0x80006a <__TEXT_REGION_LENGTH__+0x7e006a>
     d20:	08 95       	ret

00000d22 <.L44>:
     d22:	80 91 6a 00 	lds	r24, 0x006A	; 0x80006a <__TEXT_REGION_LENGTH__+0x7e006a>
     d26:	82 60       	ori	r24, 0x02	; 2
     d28:	80 93 6a 00 	sts	0x006A, r24	; 0x80006a <__TEXT_REGION_LENGTH__+0x7e006a>
     d2c:	80 91 6a 00 	lds	r24, 0x006A	; 0x80006a <__TEXT_REGION_LENGTH__+0x7e006a>
     d30:	8e 7f       	andi	r24, 0xFE	; 254
     d32:	80 93 6a 00 	sts	0x006A, r24	; 0x80006a <__TEXT_REGION_LENGTH__+0x7e006a>
     d36:	08 95       	ret

00000d38 <.L43>:
     d38:	80 91 6a 00 	lds	r24, 0x006A	; 0x80006a <__TEXT_REGION_LENGTH__+0x7e006a>
     d3c:	88 60       	ori	r24, 0x08	; 8
     d3e:	80 93 6a 00 	sts	0x006A, r24	; 0x80006a <__TEXT_REGION_LENGTH__+0x7e006a>
     d42:	80 91 6a 00 	lds	r24, 0x006A	; 0x80006a <__TEXT_REGION_LENGTH__+0x7e006a>
     d46:	8b 7f       	andi	r24, 0xFB	; 251
     d48:	80 93 6a 00 	sts	0x006A, r24	; 0x80006a <__TEXT_REGION_LENGTH__+0x7e006a>
     d4c:	08 95       	ret

00000d4e <.L40>:
     d4e:	80 91 6a 00 	lds	r24, 0x006A	; 0x80006a <__TEXT_REGION_LENGTH__+0x7e006a>
     d52:	80 62       	ori	r24, 0x20	; 32
     d54:	80 93 6a 00 	sts	0x006A, r24	; 0x80006a <__TEXT_REGION_LENGTH__+0x7e006a>
     d58:	80 91 6a 00 	lds	r24, 0x006A	; 0x80006a <__TEXT_REGION_LENGTH__+0x7e006a>
     d5c:	8f 7e       	andi	r24, 0xEF	; 239
     d5e:	80 93 6a 00 	sts	0x006A, r24	; 0x80006a <__TEXT_REGION_LENGTH__+0x7e006a>
     d62:	08 95       	ret

00000d64 <.L37>:
     d64:	8a b7       	in	r24, 0x3a	; 58
     d66:	8f 7d       	andi	r24, 0xDF	; 223
     d68:	8a bf       	out	0x3a, r24	; 58
     d6a:	8a b7       	in	r24, 0x3a	; 58
     d6c:	80 61       	ori	r24, 0x10	; 16
     d6e:	8a bf       	out	0x3a, r24	; 58
     d70:	08 95       	ret

00000d72 <.L35>:
     d72:	8a b7       	in	r24, 0x3a	; 58
     d74:	87 7f       	andi	r24, 0xF7	; 247
     d76:	8a bf       	out	0x3a, r24	; 58
     d78:	8a b7       	in	r24, 0x3a	; 58
     d7a:	84 60       	ori	r24, 0x04	; 4
     d7c:	8a bf       	out	0x3a, r24	; 58
     d7e:	08 95       	ret

00000d80 <.L34>:
     d80:	8a b7       	in	r24, 0x3a	; 58
     d82:	82 60       	ori	r24, 0x02	; 2
     d84:	8a bf       	out	0x3a, r24	; 58
     d86:	8a b7       	in	r24, 0x3a	; 58
     d88:	8e 7f       	andi	r24, 0xFE	; 254
     d8a:	8a bf       	out	0x3a, r24	; 58
     d8c:	08 95       	ret

00000d8e <.L38>:
     d8e:	8a b7       	in	r24, 0x3a	; 58
     d90:	80 62       	ori	r24, 0x20	; 32
     d92:	8a bf       	out	0x3a, r24	; 58
     d94:	8a b7       	in	r24, 0x3a	; 58
     d96:	8f 7e       	andi	r24, 0xEF	; 239
     d98:	8a bf       	out	0x3a, r24	; 58
     d9a:	08 95       	ret

00000d9c <.L36>:
     d9c:	8a b7       	in	r24, 0x3a	; 58
     d9e:	88 60       	ori	r24, 0x08	; 8
     da0:	8a bf       	out	0x3a, r24	; 58
     da2:	8a b7       	in	r24, 0x3a	; 58
     da4:	8b 7f       	andi	r24, 0xFB	; 251
     da6:	8a bf       	out	0x3a, r24	; 58
     da8:	08 95       	ret

00000daa <.L42>:
     daa:	8a b7       	in	r24, 0x3a	; 58
     dac:	80 68       	ori	r24, 0x80	; 128
     dae:	8a bf       	out	0x3a, r24	; 58
     db0:	8a b7       	in	r24, 0x3a	; 58
     db2:	8f 7b       	andi	r24, 0xBF	; 191
     db4:	8a bf       	out	0x3a, r24	; 58
     db6:	08 95       	ret

00000db8 <EXTI_Enable>:
     db8:	88 30       	cpi	r24, 0x08	; 8
     dba:	48 f4       	brcc	.+18     	; 0xdce <.L45>
     dbc:	e8 2f       	mov	r30, r24
     dbe:	f0 e0       	ldi	r31, 0x00	; 0
     dc0:	e5 5d       	subi	r30, 0xD5	; 213
     dc2:	f1 4f       	sbci	r31, 0xF1	; 241
     dc4:	89 b7       	in	r24, 0x39	; 57
     dc6:	0c 94 e2 0b 	jmp	0x17c4	; 0x17c4 <__tablejump2__>

00000dca <.L47>:
     dca:	80 68       	ori	r24, 0x80	; 128
     dcc:	89 bf       	out	0x39, r24	; 57

00000dce <.L45>:
     dce:	08 95       	ret

00000dd0 <.L49>:
     dd0:	80 64       	ori	r24, 0x40	; 64
     dd2:	89 bf       	out	0x39, r24	; 57
     dd4:	08 95       	ret

00000dd6 <.L55>:
     dd6:	81 60       	ori	r24, 0x01	; 1
     dd8:	89 bf       	out	0x39, r24	; 57
     dda:	08 95       	ret

00000ddc <.L54>:
     ddc:	82 60       	ori	r24, 0x02	; 2
     dde:	89 bf       	out	0x39, r24	; 57
     de0:	08 95       	ret

00000de2 <.L53>:
     de2:	84 60       	ori	r24, 0x04	; 4
     de4:	89 bf       	out	0x39, r24	; 57
     de6:	08 95       	ret

00000de8 <.L52>:
     de8:	88 60       	ori	r24, 0x08	; 8
     dea:	89 bf       	out	0x39, r24	; 57
     dec:	08 95       	ret

00000dee <.L51>:
     dee:	80 61       	ori	r24, 0x10	; 16
     df0:	89 bf       	out	0x39, r24	; 57
     df2:	08 95       	ret

00000df4 <.L50>:
     df4:	80 62       	ori	r24, 0x20	; 32
     df6:	89 bf       	out	0x39, r24	; 57
     df8:	08 95       	ret

00000dfa <EXTI_Disable>:
     dfa:	88 30       	cpi	r24, 0x08	; 8
     dfc:	48 f4       	brcc	.+18     	; 0xe10 <.L56>
     dfe:	e8 2f       	mov	r30, r24
     e00:	f0 e0       	ldi	r31, 0x00	; 0
     e02:	ed 5c       	subi	r30, 0xCD	; 205
     e04:	f1 4f       	sbci	r31, 0xF1	; 241
     e06:	89 b7       	in	r24, 0x39	; 57
     e08:	0c 94 e2 0b 	jmp	0x17c4	; 0x17c4 <__tablejump2__>

00000e0c <.L58>:
     e0c:	8f 77       	andi	r24, 0x7F	; 127
     e0e:	89 bf       	out	0x39, r24	; 57

00000e10 <.L56>:
     e10:	08 95       	ret

00000e12 <.L60>:
     e12:	8f 7b       	andi	r24, 0xBF	; 191
     e14:	89 bf       	out	0x39, r24	; 57
     e16:	08 95       	ret

00000e18 <.L66>:
     e18:	8e 7f       	andi	r24, 0xFE	; 254
     e1a:	89 bf       	out	0x39, r24	; 57
     e1c:	08 95       	ret

00000e1e <.L65>:
     e1e:	8d 7f       	andi	r24, 0xFD	; 253
     e20:	89 bf       	out	0x39, r24	; 57
     e22:	08 95       	ret

00000e24 <.L64>:
     e24:	8b 7f       	andi	r24, 0xFB	; 251
     e26:	89 bf       	out	0x39, r24	; 57
     e28:	08 95       	ret

00000e2a <.L63>:
     e2a:	87 7f       	andi	r24, 0xF7	; 247
     e2c:	89 bf       	out	0x39, r24	; 57
     e2e:	08 95       	ret

00000e30 <.L62>:
     e30:	8f 7e       	andi	r24, 0xEF	; 239
     e32:	89 bf       	out	0x39, r24	; 57
     e34:	08 95       	ret

00000e36 <.L61>:
     e36:	8f 7d       	andi	r24, 0xDF	; 223
     e38:	89 bf       	out	0x39, r24	; 57
     e3a:	08 95       	ret

00000e3c <GIE_Enable>:
     e3c:	8f b7       	in	r24, 0x3f	; 63
     e3e:	80 68       	ori	r24, 0x80	; 128
     e40:	8f bf       	out	0x3f, r24	; 63
     e42:	08 95       	ret

00000e44 <GIE_Disable>:
     e44:	8f b7       	in	r24, 0x3f	; 63
     e46:	8f 77       	andi	r24, 0x7F	; 127
     e48:	8f bf       	out	0x3f, r24	; 63
     e4a:	08 95       	ret

00000e4c <TIMER1_Init>:
     e4c:	ef 92       	push	r14
     e4e:	ff 92       	push	r15
     e50:	0f 93       	push	r16
     e52:	1f 93       	push	r17
     e54:	cf 93       	push	r28
     e56:	df 93       	push	r29
     e58:	cd b7       	in	r28, 0x3d	; 61
     e5a:	de b7       	in	r29, 0x3e	; 62
     e5c:	2c 97       	sbiw	r28, 0x0c	; 12
     e5e:	0f b6       	in	r0, 0x3f	; 63
     e60:	f8 94       	cli
     e62:	de bf       	out	0x3e, r29	; 62
     e64:	0f be       	out	0x3f, r0	; 63
     e66:	cd bf       	out	0x3d, r28	; 61
     e68:	ee 2d       	mov	r30, r14
     e6a:	e9 82       	std	Y+1, r14	; 0x01
     e6c:	bf 2d       	mov	r27, r15
     e6e:	fa 82       	std	Y+2, r15	; 0x02
     e70:	0b 83       	std	Y+3, r16	; 0x03
     e72:	1c 83       	std	Y+4, r17	; 0x04
     e74:	f2 2f       	mov	r31, r18
     e76:	2d 83       	std	Y+5, r18	; 0x05
     e78:	23 2f       	mov	r18, r19
     e7a:	3e 83       	std	Y+6, r19	; 0x06
     e7c:	4f 83       	std	Y+7, r20	; 0x07
     e7e:	58 87       	std	Y+8, r21	; 0x08
     e80:	69 87       	std	Y+9, r22	; 0x09
     e82:	7a 87       	std	Y+10, r23	; 0x0a
     e84:	8b 87       	std	Y+11, r24	; 0x0b
     e86:	9c 87       	std	Y+12, r25	; 0x0c
     e88:	f1 30       	cpi	r31, 0x01	; 1
     e8a:	71 f1       	breq	.+92     	; 0xee8 <.L88>
     e8c:	f2 30       	cpi	r31, 0x02	; 2
     e8e:	f9 f0       	breq	.+62     	; 0xece <.L89>

00000e90 <.L13>:
     e90:	b1 30       	cpi	r27, 0x01	; 1
     e92:	c1 f1       	breq	.+112    	; 0xf04 <.L90>
     e94:	98 f0       	brcs	.+38     	; 0xebc <.L91>

00000e96 <.L47>:
     e96:	01 30       	cpi	r16, 0x01	; 1
     e98:	b1 f0       	breq	.+44     	; 0xec6 <.L92>

00000e9a <.L48>:
     e9a:	18 f4       	brcc	.+6      	; 0xea2 <.L1>
     e9c:	8e b5       	in	r24, 0x2e	; 46
     e9e:	8f 7b       	andi	r24, 0xBF	; 191
     ea0:	8e bd       	out	0x2e, r24	; 46

00000ea2 <.L1>:
     ea2:	2c 96       	adiw	r28, 0x0c	; 12
     ea4:	0f b6       	in	r0, 0x3f	; 63
     ea6:	f8 94       	cli
     ea8:	de bf       	out	0x3e, r29	; 62
     eaa:	0f be       	out	0x3f, r0	; 63
     eac:	cd bf       	out	0x3d, r28	; 61
     eae:	df 91       	pop	r29
     eb0:	cf 91       	pop	r28
     eb2:	1f 91       	pop	r17
     eb4:	0f 91       	pop	r16
     eb6:	ff 90       	pop	r15
     eb8:	ef 90       	pop	r14
     eba:	08 95       	ret

00000ebc <.L91>:
     ebc:	8e b5       	in	r24, 0x2e	; 46
     ebe:	8f 77       	andi	r24, 0x7F	; 127
     ec0:	8e bd       	out	0x2e, r24	; 46
     ec2:	01 30       	cpi	r16, 0x01	; 1
     ec4:	51 f7       	brne	.-44     	; 0xe9a <.L48>

00000ec6 <.L92>:
     ec6:	8e b5       	in	r24, 0x2e	; 46
     ec8:	80 64       	ori	r24, 0x40	; 64
     eca:	8e bd       	out	0x2e, r24	; 46
     ecc:	ea cf       	rjmp	.-44     	; 0xea2 <.L1>

00000ece <.L89>:
     ece:	9b 85       	ldd	r25, Y+11	; 0x0b
     ed0:	3c 85       	ldd	r19, Y+12	; 0x0c
     ed2:	8e b5       	in	r24, 0x2e	; 46
     ed4:	8f 7e       	andi	r24, 0xEF	; 239
     ed6:	8e bd       	out	0x2e, r24	; 46
     ed8:	e8 50       	subi	r30, 0x08	; 8
     eda:	e8 30       	cpi	r30, 0x08	; 8
     edc:	c8 f6       	brcc	.-78     	; 0xe90 <.L13>
     ede:	f0 e0       	ldi	r31, 0x00	; 0
     ee0:	e5 5c       	subi	r30, 0xC5	; 197
     ee2:	f1 4f       	sbci	r31, 0xF1	; 241
     ee4:	0c 94 e2 0b 	jmp	0x17c4	; 0x17c4 <__tablejump2__>

00000ee8 <.L88>:
     ee8:	94 2f       	mov	r25, r20
     eea:	35 2f       	mov	r19, r21
     eec:	ab 01       	movw	r20, r22
     eee:	8e b5       	in	r24, 0x2e	; 46
     ef0:	8f 7e       	andi	r24, 0xEF	; 239
     ef2:	8e bd       	out	0x2e, r24	; 46
     ef4:	e8 30       	cpi	r30, 0x08	; 8
     ef6:	60 f6       	brcc	.-104    	; 0xe90 <.L13>
     ef8:	f0 e0       	ldi	r31, 0x00	; 0
     efa:	ed 5b       	subi	r30, 0xBD	; 189
     efc:	f1 4f       	sbci	r31, 0xF1	; 241
     efe:	8e b5       	in	r24, 0x2e	; 46
     f00:	0c 94 e2 0b 	jmp	0x17c4	; 0x17c4 <__tablejump2__>

00000f04 <.L90>:
     f04:	8e b5       	in	r24, 0x2e	; 46
     f06:	80 68       	ori	r24, 0x80	; 128
     f08:	8e bd       	out	0x2e, r24	; 46
     f0a:	c5 cf       	rjmp	.-118    	; 0xe96 <.L47>

00000f0c <.L6>:
     f0c:	88 60       	ori	r24, 0x08	; 8
     f0e:	8e bd       	out	0x2e, r24	; 46
     f10:	8f b5       	in	r24, 0x2f	; 47
     f12:	82 60       	ori	r24, 0x02	; 2
     f14:	8f bd       	out	0x2f, r24	; 47
     f16:	8f b5       	in	r24, 0x2f	; 47
     f18:	8e 7f       	andi	r24, 0xFE	; 254
     f1a:	8f bd       	out	0x2f, r24	; 47
     f1c:	21 30       	cpi	r18, 0x01	; 1
     f1e:	08 f0       	brcs	.+2      	; 0xf22 <L0^A+0x2>

00000f20 <L0^A>:
     f20:	a5 c1       	rjmp	.+842    	; 0x126c <.L22>
     f22:	8f b5       	in	r24, 0x2f	; 47
     f24:	80 68       	ori	r24, 0x80	; 128
     f26:	8f bd       	out	0x2f, r24	; 47
     f28:	8f b5       	in	r24, 0x2f	; 47
     f2a:	8f 7b       	andi	r24, 0xBF	; 191
     f2c:	8f bd       	out	0x2f, r24	; 47
     f2e:	10 92 27 01 	sts	0x0127, r1	; 0x800127 <StaticPWMoutputMode>

00000f32 <.L53>:
     f32:	10 92 28 01 	sts	0x0128, r1	; 0x800128 <StaticPWMoutputMode+0x1>
     f36:	10 92 29 01 	sts	0x0129, r1	; 0x800129 <StaticPWMoutputMode+0x2>
     f3a:	10 92 2a 01 	sts	0x012A, r1	; 0x80012a <StaticPWMoutputMode+0x3>
     f3e:	10 92 2b 01 	sts	0x012B, r1	; 0x80012b <StaticPWMoutputMode+0x4>
     f42:	10 92 2c 01 	sts	0x012C, r1	; 0x80012c <StaticPWMoutputMode+0x5>
     f46:	10 92 2d 01 	sts	0x012D, r1	; 0x80012d <StaticPWMoutputMode+0x6>
     f4a:	10 92 2e 01 	sts	0x012E, r1	; 0x80012e <StaticPWMoutputMode+0x7>

00000f4e <.L23>:
     f4e:	1b bc       	out	0x2b, r1	; 43
     f50:	1a bc       	out	0x2a, r1	; 42
     f52:	8f ef       	ldi	r24, 0xFF	; 255
     f54:	80 93 1f 01 	sts	0x011F, r24	; 0x80011f <StaticPWMoutputMax>
     f58:	81 e0       	ldi	r24, 0x01	; 1

00000f5a <.L61>:
     f5a:	80 93 20 01 	sts	0x0120, r24	; 0x800120 <StaticPWMoutputMax+0x1>

00000f5e <.L63>:
     f5e:	10 92 21 01 	sts	0x0121, r1	; 0x800121 <StaticPWMoutputMax+0x2>
     f62:	10 92 22 01 	sts	0x0122, r1	; 0x800122 <StaticPWMoutputMax+0x3>
     f66:	10 92 23 01 	sts	0x0123, r1	; 0x800123 <StaticPWMoutputMax+0x4>
     f6a:	10 92 24 01 	sts	0x0124, r1	; 0x800124 <StaticPWMoutputMax+0x5>
     f6e:	10 92 25 01 	sts	0x0125, r1	; 0x800125 <StaticPWMoutputMax+0x6>
     f72:	10 92 26 01 	sts	0x0126, r1	; 0x800126 <StaticPWMoutputMax+0x7>
     f76:	8c cf       	rjmp	.-232    	; 0xe90 <.L13>

00000f78 <.L7>:
     f78:	88 60       	ori	r24, 0x08	; 8

00000f7a <.L84>:
     f7a:	8e bd       	out	0x2e, r24	; 46
     f7c:	8f b5       	in	r24, 0x2f	; 47
     f7e:	8d 7f       	andi	r24, 0xFD	; 253
     f80:	8f bd       	out	0x2f, r24	; 47
     f82:	8f b5       	in	r24, 0x2f	; 47
     f84:	81 60       	ori	r24, 0x01	; 1
     f86:	8f bd       	out	0x2f, r24	; 47
     f88:	21 30       	cpi	r18, 0x01	; 1
     f8a:	08 f0       	brcs	.+2      	; 0xf8e <L0^A+0x2>

00000f8c <L0^A>:
     f8c:	40 c1       	rjmp	.+640    	; 0x120e <.L20>
     f8e:	8f b5       	in	r24, 0x2f	; 47
     f90:	80 68       	ori	r24, 0x80	; 128
     f92:	8f bd       	out	0x2f, r24	; 47
     f94:	8f b5       	in	r24, 0x2f	; 47
     f96:	8f 7b       	andi	r24, 0xBF	; 191
     f98:	8f bd       	out	0x2f, r24	; 47
     f9a:	10 92 27 01 	sts	0x0127, r1	; 0x800127 <StaticPWMoutputMode>

00000f9e <.L52>:
     f9e:	10 92 28 01 	sts	0x0128, r1	; 0x800128 <StaticPWMoutputMode+0x1>
     fa2:	10 92 29 01 	sts	0x0129, r1	; 0x800129 <StaticPWMoutputMode+0x2>
     fa6:	10 92 2a 01 	sts	0x012A, r1	; 0x80012a <StaticPWMoutputMode+0x3>
     faa:	10 92 2b 01 	sts	0x012B, r1	; 0x80012b <StaticPWMoutputMode+0x4>
     fae:	10 92 2c 01 	sts	0x012C, r1	; 0x80012c <StaticPWMoutputMode+0x5>
     fb2:	10 92 2d 01 	sts	0x012D, r1	; 0x80012d <StaticPWMoutputMode+0x6>
     fb6:	10 92 2e 01 	sts	0x012E, r1	; 0x80012e <StaticPWMoutputMode+0x7>

00000fba <.L21>:
     fba:	1b bc       	out	0x2b, r1	; 43
     fbc:	1a bc       	out	0x2a, r1	; 42
     fbe:	8f ef       	ldi	r24, 0xFF	; 255
     fc0:	80 93 1f 01 	sts	0x011F, r24	; 0x80011f <StaticPWMoutputMax>
     fc4:	10 92 20 01 	sts	0x0120, r1	; 0x800120 <StaticPWMoutputMax+0x1>
     fc8:	ca cf       	rjmp	.-108    	; 0xf5e <.L63>

00000fca <.L8>:
     fca:	88 60       	ori	r24, 0x08	; 8
     fcc:	8e bd       	out	0x2e, r24	; 46
     fce:	8f b5       	in	r24, 0x2f	; 47
     fd0:	8d 7f       	andi	r24, 0xFD	; 253
     fd2:	8f bd       	out	0x2f, r24	; 47
     fd4:	8f b5       	in	r24, 0x2f	; 47
     fd6:	8e 7f       	andi	r24, 0xFE	; 254
     fd8:	8f bd       	out	0x2f, r24	; 47
     fda:	3b bd       	out	0x2b, r19	; 43
     fdc:	9a bd       	out	0x2a, r25	; 42
     fde:	87 b7       	in	r24, 0x37	; 55
     fe0:	80 61       	ori	r24, 0x10	; 16
     fe2:	87 bf       	out	0x37, r24	; 55
     fe4:	55 cf       	rjmp	.-342    	; 0xe90 <.L13>

00000fe6 <.L9>:
     fe6:	87 7f       	andi	r24, 0xF7	; 247

00000fe8 <.L86>:
     fe8:	8e bd       	out	0x2e, r24	; 46
     fea:	8f b5       	in	r24, 0x2f	; 47
     fec:	82 60       	ori	r24, 0x02	; 2
     fee:	8f bd       	out	0x2f, r24	; 47
     ff0:	8f b5       	in	r24, 0x2f	; 47
     ff2:	81 60       	ori	r24, 0x01	; 1
     ff4:	8f bd       	out	0x2f, r24	; 47
     ff6:	21 30       	cpi	r18, 0x01	; 1
     ff8:	08 f0       	brcs	.+2      	; 0xffc <L0^A+0x2>

00000ffa <L0^A>:
     ffa:	fe c0       	rjmp	.+508    	; 0x11f8 <.L24>
     ffc:	8f b5       	in	r24, 0x2f	; 47
     ffe:	80 68       	ori	r24, 0x80	; 128
    1000:	8f bd       	out	0x2f, r24	; 47
    1002:	8f b5       	in	r24, 0x2f	; 47
    1004:	8f 7b       	andi	r24, 0xBF	; 191
    1006:	8f bd       	out	0x2f, r24	; 47
    1008:	10 92 27 01 	sts	0x0127, r1	; 0x800127 <StaticPWMoutputMode>

0000100c <.L54>:
    100c:	10 92 28 01 	sts	0x0128, r1	; 0x800128 <StaticPWMoutputMode+0x1>
    1010:	10 92 29 01 	sts	0x0129, r1	; 0x800129 <StaticPWMoutputMode+0x2>
    1014:	10 92 2a 01 	sts	0x012A, r1	; 0x80012a <StaticPWMoutputMode+0x3>
    1018:	10 92 2b 01 	sts	0x012B, r1	; 0x80012b <StaticPWMoutputMode+0x4>
    101c:	10 92 2c 01 	sts	0x012C, r1	; 0x80012c <StaticPWMoutputMode+0x5>
    1020:	10 92 2d 01 	sts	0x012D, r1	; 0x80012d <StaticPWMoutputMode+0x6>
    1024:	10 92 2e 01 	sts	0x012E, r1	; 0x80012e <StaticPWMoutputMode+0x7>

00001028 <.L25>:
    1028:	1b bc       	out	0x2b, r1	; 43
    102a:	1a bc       	out	0x2a, r1	; 42
    102c:	8f ef       	ldi	r24, 0xFF	; 255
    102e:	80 93 1f 01 	sts	0x011F, r24	; 0x80011f <StaticPWMoutputMax>
    1032:	83 e0       	ldi	r24, 0x03	; 3
    1034:	92 cf       	rjmp	.-220    	; 0xf5a <.L61>

00001036 <.L10>:
    1036:	87 7f       	andi	r24, 0xF7	; 247
    1038:	8e bd       	out	0x2e, r24	; 46
    103a:	8f b5       	in	r24, 0x2f	; 47
    103c:	82 60       	ori	r24, 0x02	; 2
    103e:	8f bd       	out	0x2f, r24	; 47
    1040:	8f b5       	in	r24, 0x2f	; 47
    1042:	8e 7f       	andi	r24, 0xFE	; 254
    1044:	8f bd       	out	0x2f, r24	; 47
    1046:	21 30       	cpi	r18, 0x01	; 1
    1048:	08 f0       	brcs	.+2      	; 0x104c <L0^A+0x2>

0000104a <L0^A>:
    104a:	f7 c0       	rjmp	.+494    	; 0x123a <.L16>
    104c:	8f b5       	in	r24, 0x2f	; 47
    104e:	80 68       	ori	r24, 0x80	; 128
    1050:	8f bd       	out	0x2f, r24	; 47
    1052:	8f b5       	in	r24, 0x2f	; 47
    1054:	8f 7b       	andi	r24, 0xBF	; 191
    1056:	8f bd       	out	0x2f, r24	; 47

00001058 <.L17>:
    1058:	1b bc       	out	0x2b, r1	; 43
    105a:	1a bc       	out	0x2a, r1	; 42
    105c:	8f ef       	ldi	r24, 0xFF	; 255
    105e:	80 93 27 01 	sts	0x0127, r24	; 0x800127 <StaticPWMoutputMode>
    1062:	81 e0       	ldi	r24, 0x01	; 1
    1064:	80 93 28 01 	sts	0x0128, r24	; 0x800128 <StaticPWMoutputMode+0x1>
    1068:	10 92 29 01 	sts	0x0129, r1	; 0x800129 <StaticPWMoutputMode+0x2>
    106c:	10 92 2a 01 	sts	0x012A, r1	; 0x80012a <StaticPWMoutputMode+0x3>
    1070:	10 92 2b 01 	sts	0x012B, r1	; 0x80012b <StaticPWMoutputMode+0x4>
    1074:	10 92 2c 01 	sts	0x012C, r1	; 0x80012c <StaticPWMoutputMode+0x5>
    1078:	10 92 2d 01 	sts	0x012D, r1	; 0x80012d <StaticPWMoutputMode+0x6>
    107c:	10 92 2e 01 	sts	0x012E, r1	; 0x80012e <StaticPWMoutputMode+0x7>
    1080:	07 cf       	rjmp	.-498    	; 0xe90 <.L13>

00001082 <.L11>:
    1082:	87 7f       	andi	r24, 0xF7	; 247
    1084:	7a cf       	rjmp	.-268    	; 0xf7a <.L84>

00001086 <.L12>:
    1086:	87 7f       	andi	r24, 0xF7	; 247
    1088:	8e bd       	out	0x2e, r24	; 46
    108a:	8f b5       	in	r24, 0x2f	; 47
    108c:	8d 7f       	andi	r24, 0xFD	; 253
    108e:	8f bd       	out	0x2f, r24	; 47
    1090:	8f b5       	in	r24, 0x2f	; 47
    1092:	8e 7f       	andi	r24, 0xFE	; 254
    1094:	8f bd       	out	0x2f, r24	; 47
    1096:	5d bd       	out	0x2d, r21	; 45
    1098:	6c bd       	out	0x2c, r22	; 44
    109a:	87 b7       	in	r24, 0x37	; 55
    109c:	84 60       	ori	r24, 0x04	; 4
    109e:	87 bf       	out	0x37, r24	; 55
    10a0:	f7 ce       	rjmp	.-530    	; 0xe90 <.L13>

000010a2 <.L4>:
    10a2:	88 60       	ori	r24, 0x08	; 8
    10a4:	a1 cf       	rjmp	.-190    	; 0xfe8 <.L86>

000010a6 <.L26>:
    10a6:	8e b5       	in	r24, 0x2e	; 46
    10a8:	88 60       	ori	r24, 0x08	; 8

000010aa <.L80>:
    10aa:	8e bd       	out	0x2e, r24	; 46
    10ac:	8f b5       	in	r24, 0x2f	; 47
    10ae:	82 60       	ori	r24, 0x02	; 2

000010b0 <.L82>:
    10b0:	8f bd       	out	0x2f, r24	; 47
    10b2:	8f b5       	in	r24, 0x2f	; 47
    10b4:	81 60       	ori	r24, 0x01	; 1
    10b6:	8f bd       	out	0x2f, r24	; 47
    10b8:	21 30       	cpi	r18, 0x01	; 1
    10ba:	08 f0       	brcs	.+2      	; 0x10be <L0^A+0x2>

000010bc <L0^A>:
    10bc:	92 c0       	rjmp	.+292    	; 0x11e2 <.L44>
    10be:	8f b5       	in	r24, 0x2f	; 47
    10c0:	80 68       	ori	r24, 0x80	; 128
    10c2:	8f bd       	out	0x2f, r24	; 47
    10c4:	8f b5       	in	r24, 0x2f	; 47
    10c6:	8f 7b       	andi	r24, 0xBF	; 191
    10c8:	8f bd       	out	0x2f, r24	; 47
    10ca:	10 92 27 01 	sts	0x0127, r1	; 0x800127 <StaticPWMoutputMode>

000010ce <.L60>:
    10ce:	10 92 28 01 	sts	0x0128, r1	; 0x800128 <StaticPWMoutputMode+0x1>
    10d2:	10 92 29 01 	sts	0x0129, r1	; 0x800129 <StaticPWMoutputMode+0x2>
    10d6:	10 92 2a 01 	sts	0x012A, r1	; 0x80012a <StaticPWMoutputMode+0x3>
    10da:	10 92 2b 01 	sts	0x012B, r1	; 0x80012b <StaticPWMoutputMode+0x4>
    10de:	10 92 2c 01 	sts	0x012C, r1	; 0x80012c <StaticPWMoutputMode+0x5>
    10e2:	10 92 2d 01 	sts	0x012D, r1	; 0x80012d <StaticPWMoutputMode+0x6>
    10e6:	10 92 2e 01 	sts	0x012E, r1	; 0x80012e <StaticPWMoutputMode+0x7>

000010ea <.L45>:
    10ea:	1b bc       	out	0x2b, r1	; 43
    10ec:	1a bc       	out	0x2a, r1	; 42
    10ee:	8f ef       	ldi	r24, 0xFF	; 255
    10f0:	80 93 1f 01 	sts	0x011F, r24	; 0x80011f <StaticPWMoutputMax>
    10f4:	32 cf       	rjmp	.-412    	; 0xf5a <.L61>

000010f6 <.L28>:
    10f6:	8e b5       	in	r24, 0x2e	; 46
    10f8:	88 60       	ori	r24, 0x08	; 8

000010fa <.L78>:
    10fa:	8e bd       	out	0x2e, r24	; 46
    10fc:	8f b5       	in	r24, 0x2f	; 47
    10fe:	82 60       	ori	r24, 0x02	; 2
    1100:	8f bd       	out	0x2f, r24	; 47
    1102:	8f b5       	in	r24, 0x2f	; 47
    1104:	8e 7f       	andi	r24, 0xFE	; 254
    1106:	8f bd       	out	0x2f, r24	; 47
    1108:	21 30       	cpi	r18, 0x01	; 1
    110a:	08 f0       	brcs	.+2      	; 0x110e <L0^A+0x2>

0000110c <L0^A>:
    110c:	8b c0       	rjmp	.+278    	; 0x1224 <.L42>
    110e:	8f b5       	in	r24, 0x2f	; 47
    1110:	80 68       	ori	r24, 0x80	; 128
    1112:	8f bd       	out	0x2f, r24	; 47
    1114:	8f b5       	in	r24, 0x2f	; 47
    1116:	8f 7b       	andi	r24, 0xBF	; 191
    1118:	8f bd       	out	0x2f, r24	; 47
    111a:	10 92 27 01 	sts	0x0127, r1	; 0x800127 <StaticPWMoutputMode>

0000111e <.L59>:
    111e:	10 92 28 01 	sts	0x0128, r1	; 0x800128 <StaticPWMoutputMode+0x1>
    1122:	10 92 29 01 	sts	0x0129, r1	; 0x800129 <StaticPWMoutputMode+0x2>
    1126:	10 92 2a 01 	sts	0x012A, r1	; 0x80012a <StaticPWMoutputMode+0x3>
    112a:	10 92 2b 01 	sts	0x012B, r1	; 0x80012b <StaticPWMoutputMode+0x4>
    112e:	10 92 2c 01 	sts	0x012C, r1	; 0x80012c <StaticPWMoutputMode+0x5>
    1132:	10 92 2d 01 	sts	0x012D, r1	; 0x80012d <StaticPWMoutputMode+0x6>
    1136:	10 92 2e 01 	sts	0x012E, r1	; 0x80012e <StaticPWMoutputMode+0x7>

0000113a <.L43>:
    113a:	1b bc       	out	0x2b, r1	; 43
    113c:	1a bc       	out	0x2a, r1	; 42
    113e:	8f ef       	ldi	r24, 0xFF	; 255
    1140:	80 93 1f 01 	sts	0x011F, r24	; 0x80011f <StaticPWMoutputMax>
    1144:	80 93 20 01 	sts	0x0120, r24	; 0x800120 <StaticPWMoutputMax+0x1>
    1148:	10 92 21 01 	sts	0x0121, r1	; 0x800121 <StaticPWMoutputMax+0x2>
    114c:	10 92 22 01 	sts	0x0122, r1	; 0x800122 <StaticPWMoutputMax+0x3>
    1150:	10 92 23 01 	sts	0x0123, r1	; 0x800123 <StaticPWMoutputMax+0x4>
    1154:	10 92 24 01 	sts	0x0124, r1	; 0x800124 <StaticPWMoutputMax+0x5>
    1158:	10 92 25 01 	sts	0x0125, r1	; 0x800125 <StaticPWMoutputMax+0x6>
    115c:	10 92 26 01 	sts	0x0126, r1	; 0x800126 <StaticPWMoutputMax+0x7>

00001160 <.L62>:
    1160:	37 bd       	out	0x27, r19	; 39
    1162:	96 bd       	out	0x26, r25	; 38
    1164:	87 b7       	in	r24, 0x37	; 55
    1166:	80 62       	ori	r24, 0x20	; 32
    1168:	87 bf       	out	0x37, r24	; 55
    116a:	92 ce       	rjmp	.-732    	; 0xe90 <.L13>

0000116c <.L29>:
    116c:	8e b5       	in	r24, 0x2e	; 46
    116e:	88 60       	ori	r24, 0x08	; 8
    1170:	8e bd       	out	0x2e, r24	; 46
    1172:	8f b5       	in	r24, 0x2f	; 47
    1174:	8d 7f       	andi	r24, 0xFD	; 253
    1176:	8f bd       	out	0x2f, r24	; 47
    1178:	8f b5       	in	r24, 0x2f	; 47
    117a:	8e 7f       	andi	r24, 0xFE	; 254
    117c:	8f bd       	out	0x2f, r24	; 47
    117e:	f0 cf       	rjmp	.-32     	; 0x1160 <.L62>

00001180 <.L30>:
    1180:	8e b5       	in	r24, 0x2e	; 46
    1182:	87 7f       	andi	r24, 0xF7	; 247
    1184:	92 cf       	rjmp	.-220    	; 0x10aa <.L80>

00001186 <.L31>:
    1186:	8e b5       	in	r24, 0x2e	; 46
    1188:	87 7f       	andi	r24, 0xF7	; 247
    118a:	b7 cf       	rjmp	.-146    	; 0x10fa <.L78>

0000118c <.L32>:
    118c:	8e b5       	in	r24, 0x2e	; 46
    118e:	87 7f       	andi	r24, 0xF7	; 247
    1190:	8e bd       	out	0x2e, r24	; 46
    1192:	8f b5       	in	r24, 0x2f	; 47
    1194:	8d 7f       	andi	r24, 0xFD	; 253
    1196:	8c cf       	rjmp	.-232    	; 0x10b0 <.L82>

00001198 <.L33>:
    1198:	8e b5       	in	r24, 0x2e	; 46
    119a:	87 7f       	andi	r24, 0xF7	; 247
    119c:	8e bd       	out	0x2e, r24	; 46
    119e:	8f b5       	in	r24, 0x2f	; 47
    11a0:	8d 7f       	andi	r24, 0xFD	; 253
    11a2:	8f bd       	out	0x2f, r24	; 47
    11a4:	8f b5       	in	r24, 0x2f	; 47
    11a6:	8e 7f       	andi	r24, 0xFE	; 254
    11a8:	8f bd       	out	0x2f, r24	; 47
    11aa:	21 30       	cpi	r18, 0x01	; 1
    11ac:	08 f0       	brcs	.+2      	; 0x11b0 <L0^A+0x2>

000011ae <L0^A>:
    11ae:	69 c0       	rjmp	.+210    	; 0x1282 <.L34>
    11b0:	8f b5       	in	r24, 0x2f	; 47
    11b2:	80 68       	ori	r24, 0x80	; 128
    11b4:	8f bd       	out	0x2f, r24	; 47
    11b6:	8f b5       	in	r24, 0x2f	; 47
    11b8:	8f 7b       	andi	r24, 0xBF	; 191
    11ba:	8f bd       	out	0x2f, r24	; 47
    11bc:	10 92 27 01 	sts	0x0127, r1	; 0x800127 <StaticPWMoutputMode>

000011c0 <.L55>:
    11c0:	10 92 28 01 	sts	0x0128, r1	; 0x800128 <StaticPWMoutputMode+0x1>
    11c4:	10 92 29 01 	sts	0x0129, r1	; 0x800129 <StaticPWMoutputMode+0x2>
    11c8:	10 92 2a 01 	sts	0x012A, r1	; 0x80012a <StaticPWMoutputMode+0x3>
    11cc:	10 92 2b 01 	sts	0x012B, r1	; 0x80012b <StaticPWMoutputMode+0x4>
    11d0:	10 92 2c 01 	sts	0x012C, r1	; 0x80012c <StaticPWMoutputMode+0x5>
    11d4:	10 92 2d 01 	sts	0x012D, r1	; 0x80012d <StaticPWMoutputMode+0x6>
    11d8:	10 92 2e 01 	sts	0x012E, r1	; 0x80012e <StaticPWMoutputMode+0x7>

000011dc <.L35>:
    11dc:	1b bc       	out	0x2b, r1	; 43
    11de:	1a bc       	out	0x2a, r1	; 42
    11e0:	bf cf       	rjmp	.-130    	; 0x1160 <.L62>

000011e2 <.L44>:
    11e2:	09 f0       	breq	.+2      	; 0x11e6 <L0^A+0x2>

000011e4 <L0^A>:
    11e4:	82 cf       	rjmp	.-252    	; 0x10ea <.L45>
    11e6:	8f b5       	in	r24, 0x2f	; 47
    11e8:	80 68       	ori	r24, 0x80	; 128
    11ea:	8f bd       	out	0x2f, r24	; 47
    11ec:	8f b5       	in	r24, 0x2f	; 47
    11ee:	80 64       	ori	r24, 0x40	; 64
    11f0:	8f bd       	out	0x2f, r24	; 47
    11f2:	20 93 27 01 	sts	0x0127, r18	; 0x800127 <StaticPWMoutputMode>
    11f6:	6b cf       	rjmp	.-298    	; 0x10ce <.L60>

000011f8 <.L24>:
    11f8:	09 f0       	breq	.+2      	; 0x11fc <L0^A+0x2>

000011fa <L0^A>:
    11fa:	16 cf       	rjmp	.-468    	; 0x1028 <.L25>
    11fc:	8f b5       	in	r24, 0x2f	; 47
    11fe:	80 68       	ori	r24, 0x80	; 128
    1200:	8f bd       	out	0x2f, r24	; 47
    1202:	8f b5       	in	r24, 0x2f	; 47
    1204:	80 64       	ori	r24, 0x40	; 64
    1206:	8f bd       	out	0x2f, r24	; 47
    1208:	20 93 27 01 	sts	0x0127, r18	; 0x800127 <StaticPWMoutputMode>
    120c:	ff ce       	rjmp	.-514    	; 0x100c <.L54>

0000120e <.L20>:
    120e:	09 f0       	breq	.+2      	; 0x1212 <L0^A+0x2>

00001210 <L0^A>:
    1210:	d4 ce       	rjmp	.-600    	; 0xfba <.L21>
    1212:	8f b5       	in	r24, 0x2f	; 47
    1214:	80 68       	ori	r24, 0x80	; 128
    1216:	8f bd       	out	0x2f, r24	; 47
    1218:	8f b5       	in	r24, 0x2f	; 47
    121a:	80 64       	ori	r24, 0x40	; 64
    121c:	8f bd       	out	0x2f, r24	; 47
    121e:	20 93 27 01 	sts	0x0127, r18	; 0x800127 <StaticPWMoutputMode>
    1222:	bd ce       	rjmp	.-646    	; 0xf9e <.L52>

00001224 <.L42>:
    1224:	09 f0       	breq	.+2      	; 0x1228 <L0^A+0x2>

00001226 <L0^A>:
    1226:	89 cf       	rjmp	.-238    	; 0x113a <.L43>
    1228:	8f b5       	in	r24, 0x2f	; 47
    122a:	80 68       	ori	r24, 0x80	; 128
    122c:	8f bd       	out	0x2f, r24	; 47
    122e:	8f b5       	in	r24, 0x2f	; 47
    1230:	80 64       	ori	r24, 0x40	; 64
    1232:	8f bd       	out	0x2f, r24	; 47
    1234:	20 93 27 01 	sts	0x0127, r18	; 0x800127 <StaticPWMoutputMode>
    1238:	72 cf       	rjmp	.-284    	; 0x111e <.L59>

0000123a <.L16>:
    123a:	09 f0       	breq	.+2      	; 0x123e <L0^A+0x2>

0000123c <L0^A>:
    123c:	0d cf       	rjmp	.-486    	; 0x1058 <.L17>
    123e:	8f b5       	in	r24, 0x2f	; 47
    1240:	80 68       	ori	r24, 0x80	; 128
    1242:	8f bd       	out	0x2f, r24	; 47
    1244:	8f b5       	in	r24, 0x2f	; 47
    1246:	80 64       	ori	r24, 0x40	; 64
    1248:	8f bd       	out	0x2f, r24	; 47
    124a:	20 93 1f 01 	sts	0x011F, r18	; 0x80011f <StaticPWMoutputMax>
    124e:	10 92 20 01 	sts	0x0120, r1	; 0x800120 <StaticPWMoutputMax+0x1>
    1252:	10 92 21 01 	sts	0x0121, r1	; 0x800121 <StaticPWMoutputMax+0x2>
    1256:	10 92 22 01 	sts	0x0122, r1	; 0x800122 <StaticPWMoutputMax+0x3>
    125a:	10 92 23 01 	sts	0x0123, r1	; 0x800123 <StaticPWMoutputMax+0x4>
    125e:	10 92 24 01 	sts	0x0124, r1	; 0x800124 <StaticPWMoutputMax+0x5>
    1262:	10 92 25 01 	sts	0x0125, r1	; 0x800125 <StaticPWMoutputMax+0x6>
    1266:	10 92 26 01 	sts	0x0126, r1	; 0x800126 <StaticPWMoutputMax+0x7>
    126a:	f6 ce       	rjmp	.-532    	; 0x1058 <.L17>

0000126c <.L22>:
    126c:	09 f0       	breq	.+2      	; 0x1270 <L0^A+0x2>

0000126e <L0^A>:
    126e:	6f ce       	rjmp	.-802    	; 0xf4e <.L23>
    1270:	8f b5       	in	r24, 0x2f	; 47
    1272:	80 68       	ori	r24, 0x80	; 128
    1274:	8f bd       	out	0x2f, r24	; 47
    1276:	8f b5       	in	r24, 0x2f	; 47
    1278:	80 64       	ori	r24, 0x40	; 64
    127a:	8f bd       	out	0x2f, r24	; 47
    127c:	20 93 27 01 	sts	0x0127, r18	; 0x800127 <StaticPWMoutputMode>
    1280:	58 ce       	rjmp	.-848    	; 0xf32 <.L53>

00001282 <.L34>:
    1282:	09 f0       	breq	.+2      	; 0x1286 <L0^A+0x2>

00001284 <L0^A>:
    1284:	ab cf       	rjmp	.-170    	; 0x11dc <.L35>
    1286:	8f b5       	in	r24, 0x2f	; 47
    1288:	80 68       	ori	r24, 0x80	; 128
    128a:	8f bd       	out	0x2f, r24	; 47
    128c:	8f b5       	in	r24, 0x2f	; 47
    128e:	80 64       	ori	r24, 0x40	; 64
    1290:	8f bd       	out	0x2f, r24	; 47
    1292:	20 93 27 01 	sts	0x0127, r18	; 0x800127 <StaticPWMoutputMode>
    1296:	94 cf       	rjmp	.-216    	; 0x11c0 <.L55>

00001298 <TIMER1_Start>:
    1298:	81 15       	cp	r24, r1
    129a:	21 f0       	breq	.+8      	; 0x12a4 <.L93>
    129c:	9e b5       	in	r25, 0x2e	; 46
    129e:	98 7f       	andi	r25, 0xF8	; 248
    12a0:	89 2b       	or	r24, r25
    12a2:	8e bd       	out	0x2e, r24	; 46

000012a4 <.L93>:
    12a4:	08 95       	ret

000012a6 <TIMER1_Stop>:
    12a6:	8e b5       	in	r24, 0x2e	; 46
    12a8:	88 7f       	andi	r24, 0xF8	; 248
    12aa:	8e bd       	out	0x2e, r24	; 46
    12ac:	08 95       	ret

000012ae <TIMER1_set_preloadValue>:
    12ae:	9d bd       	out	0x2d, r25	; 45
    12b0:	8c bd       	out	0x2c, r24	; 44
    12b2:	08 95       	ret

000012b4 <TIMER1_comparevalue>:
    12b4:	9b bd       	out	0x2b, r25	; 43
    12b6:	8a bd       	out	0x2a, r24	; 42
    12b8:	08 95       	ret

000012ba <TIMER1_SetpwmDutyCycle>:
    12ba:	af 92       	push	r10
    12bc:	bf 92       	push	r11
    12be:	cf 92       	push	r12
    12c0:	df 92       	push	r13
    12c2:	ef 92       	push	r14
    12c4:	ff 92       	push	r15
    12c6:	0f 93       	push	r16
    12c8:	1f 93       	push	r17
    12ca:	cf 93       	push	r28
    12cc:	df 93       	push	r29
    12ce:	0f 92       	push	r0
    12d0:	cd b7       	in	r28, 0x3d	; 61
    12d2:	de b7       	in	r29, 0x3e	; 62
    12d4:	e8 2f       	mov	r30, r24
    12d6:	85 36       	cpi	r24, 0x65	; 101
    12d8:	b8 f5       	brcc	.+110    	; 0x1348 <.L101>
    12da:	20 91 27 01 	lds	r18, 0x0127	; 0x800127 <StaticPWMoutputMode>
    12de:	30 91 28 01 	lds	r19, 0x0128	; 0x800128 <StaticPWMoutputMode+0x1>
    12e2:	40 91 29 01 	lds	r20, 0x0129	; 0x800129 <StaticPWMoutputMode+0x2>
    12e6:	50 91 2a 01 	lds	r21, 0x012A	; 0x80012a <StaticPWMoutputMode+0x3>
    12ea:	60 91 2b 01 	lds	r22, 0x012B	; 0x80012b <StaticPWMoutputMode+0x4>
    12ee:	70 91 2c 01 	lds	r23, 0x012C	; 0x80012c <StaticPWMoutputMode+0x5>
    12f2:	80 91 2d 01 	lds	r24, 0x012D	; 0x80012d <StaticPWMoutputMode+0x6>
    12f6:	90 91 2e 01 	lds	r25, 0x012E	; 0x80012e <StaticPWMoutputMode+0x7>
    12fa:	a0 e0       	ldi	r26, 0x00	; 0
    12fc:	0e 94 ad 0c 	call	0x195a	; 0x195a <__cmpdi2_s8>
    1300:	79 f5       	brne	.+94     	; 0x1360 <.L103>
    1302:	a0 90 1f 01 	lds	r10, 0x011F	; 0x80011f <StaticPWMoutputMax>
    1306:	b0 90 20 01 	lds	r11, 0x0120	; 0x800120 <StaticPWMoutputMax+0x1>
    130a:	c0 90 21 01 	lds	r12, 0x0121	; 0x800121 <StaticPWMoutputMax+0x2>
    130e:	d0 90 22 01 	lds	r13, 0x0122	; 0x800122 <StaticPWMoutputMax+0x3>
    1312:	e0 90 23 01 	lds	r14, 0x0123	; 0x800123 <StaticPWMoutputMax+0x4>
    1316:	f0 90 24 01 	lds	r15, 0x0124	; 0x800124 <StaticPWMoutputMax+0x5>
    131a:	00 91 25 01 	lds	r16, 0x0125	; 0x800125 <StaticPWMoutputMax+0x6>
    131e:	10 91 26 01 	lds	r17, 0x0126	; 0x800126 <StaticPWMoutputMax+0x7>
    1322:	2e 2f       	mov	r18, r30
    1324:	30 e0       	ldi	r19, 0x00	; 0
    1326:	40 e0       	ldi	r20, 0x00	; 0
    1328:	50 e0       	ldi	r21, 0x00	; 0
    132a:	ba 01       	movw	r22, r20
    132c:	ca 01       	movw	r24, r20
    132e:	0e 94 f6 0b 	call	0x17ec	; 0x17ec <__muldi3>
    1332:	f4 e6       	ldi	r31, 0x64	; 100
    1334:	af 2e       	mov	r10, r31
    1336:	b1 2c       	mov	r11, r1
    1338:	c1 2c       	mov	r12, r1
    133a:	d1 2c       	mov	r13, r1
    133c:	76 01       	movw	r14, r12
    133e:	86 01       	movw	r16, r12
    1340:	0e 94 50 0c 	call	0x18a0	; 0x18a0 <__udivdi3>

00001344 <.L104>:
    1344:	1b bc       	out	0x2b, r1	; 43
    1346:	2a bd       	out	0x2a, r18	; 42

00001348 <.L101>:
    1348:	0f 90       	pop	r0
    134a:	df 91       	pop	r29
    134c:	cf 91       	pop	r28
    134e:	1f 91       	pop	r17
    1350:	0f 91       	pop	r16
    1352:	ff 90       	pop	r15
    1354:	ef 90       	pop	r14
    1356:	df 90       	pop	r13
    1358:	cf 90       	pop	r12
    135a:	bf 90       	pop	r11
    135c:	af 90       	pop	r10
    135e:	08 95       	ret

00001360 <.L103>:
    1360:	20 91 27 01 	lds	r18, 0x0127	; 0x800127 <StaticPWMoutputMode>
    1364:	30 91 28 01 	lds	r19, 0x0128	; 0x800128 <StaticPWMoutputMode+0x1>
    1368:	40 91 29 01 	lds	r20, 0x0129	; 0x800129 <StaticPWMoutputMode+0x2>
    136c:	50 91 2a 01 	lds	r21, 0x012A	; 0x80012a <StaticPWMoutputMode+0x3>
    1370:	60 91 2b 01 	lds	r22, 0x012B	; 0x80012b <StaticPWMoutputMode+0x4>
    1374:	70 91 2c 01 	lds	r23, 0x012C	; 0x80012c <StaticPWMoutputMode+0x5>
    1378:	80 91 2d 01 	lds	r24, 0x012D	; 0x80012d <StaticPWMoutputMode+0x6>
    137c:	90 91 2e 01 	lds	r25, 0x012E	; 0x80012e <StaticPWMoutputMode+0x7>
    1380:	a1 e0       	ldi	r26, 0x01	; 1
    1382:	0e 94 ad 0c 	call	0x195a	; 0x195a <__cmpdi2_s8>
    1386:	11 f0       	breq	.+4      	; 0x138c <.L106>
    1388:	20 e0       	ldi	r18, 0x00	; 0
    138a:	dc cf       	rjmp	.-72     	; 0x1344 <.L104>

0000138c <.L106>:
    138c:	80 91 1f 01 	lds	r24, 0x011F	; 0x80011f <StaticPWMoutputMax>
    1390:	89 83       	std	Y+1, r24	; 0x01
    1392:	b0 90 20 01 	lds	r11, 0x0120	; 0x800120 <StaticPWMoutputMax+0x1>
    1396:	c0 90 21 01 	lds	r12, 0x0121	; 0x800121 <StaticPWMoutputMax+0x2>
    139a:	d0 90 22 01 	lds	r13, 0x0122	; 0x800122 <StaticPWMoutputMax+0x3>
    139e:	e0 90 23 01 	lds	r14, 0x0123	; 0x800123 <StaticPWMoutputMax+0x4>
    13a2:	f0 90 24 01 	lds	r15, 0x0124	; 0x800124 <StaticPWMoutputMax+0x5>
    13a6:	00 91 25 01 	lds	r16, 0x0125	; 0x800125 <StaticPWMoutputMax+0x6>
    13aa:	10 91 26 01 	lds	r17, 0x0126	; 0x800126 <StaticPWMoutputMax+0x7>
    13ae:	a8 2e       	mov	r10, r24
    13b0:	2e 2f       	mov	r18, r30
    13b2:	30 e0       	ldi	r19, 0x00	; 0
    13b4:	40 e0       	ldi	r20, 0x00	; 0
    13b6:	50 e0       	ldi	r21, 0x00	; 0
    13b8:	ba 01       	movw	r22, r20
    13ba:	ca 01       	movw	r24, r20
    13bc:	0e 94 f6 0b 	call	0x17ec	; 0x17ec <__muldi3>
    13c0:	e4 e6       	ldi	r30, 0x64	; 100
    13c2:	ae 2e       	mov	r10, r30
    13c4:	b1 2c       	mov	r11, r1
    13c6:	c1 2c       	mov	r12, r1
    13c8:	d1 2c       	mov	r13, r1
    13ca:	76 01       	movw	r14, r12
    13cc:	86 01       	movw	r16, r12
    13ce:	0e 94 50 0c 	call	0x18a0	; 0x18a0 <__udivdi3>
    13d2:	89 81       	ldd	r24, Y+1	; 0x01
    13d4:	82 1b       	sub	r24, r18
    13d6:	28 2f       	mov	r18, r24
    13d8:	b5 cf       	rjmp	.-150    	; 0x1344 <.L104>

000013da <TIMER1_captureEvent>:
    13da:	97 bd       	out	0x27, r25	; 39
    13dc:	86 bd       	out	0x26, r24	; 38
    13de:	08 95       	ret

000013e0 <TIMER1_SETcallBackFunction>:
    13e0:	81 30       	cpi	r24, 0x01	; 1
    13e2:	40 f4       	brcc	.+16     	; 0x13f4 <.L109>
    13e4:	61 15       	cp	r22, r1
    13e6:	71 05       	cpc	r23, r1
    13e8:	61 f0       	breq	.+24     	; 0x1402 <.L108>
    13ea:	60 93 37 01 	sts	0x0137, r22	; 0x800137 <TIMER1_OverFlow_Callback>
    13ee:	70 93 38 01 	sts	0x0138, r23	; 0x800138 <TIMER1_OverFlow_Callback+0x1>
    13f2:	08 95       	ret

000013f4 <.L109>:
    13f4:	39 f0       	breq	.+14     	; 0x1404 <.L129>
    13f6:	82 30       	cpi	r24, 0x02	; 2
    13f8:	a9 f0       	breq	.+42     	; 0x1424 <.L130>
    13fa:	84 30       	cpi	r24, 0x04	; 4
    13fc:	59 f0       	breq	.+22     	; 0x1414 <.L131>
    13fe:	83 30       	cpi	r24, 0x03	; 3
    1400:	c9 f0       	breq	.+50     	; 0x1434 <.L132>

00001402 <.L108>:
    1402:	08 95       	ret

00001404 <.L129>:
    1404:	61 15       	cp	r22, r1
    1406:	71 05       	cpc	r23, r1
    1408:	e1 f3       	breq	.-8      	; 0x1402 <.L108>
    140a:	60 93 35 01 	sts	0x0135, r22	; 0x800135 <TIMER1_CTCA_Callback>
    140e:	70 93 36 01 	sts	0x0136, r23	; 0x800136 <TIMER1_CTCA_Callback+0x1>
    1412:	08 95       	ret

00001414 <.L131>:
    1414:	61 15       	cp	r22, r1
    1416:	71 05       	cpc	r23, r1
    1418:	a1 f3       	breq	.-24     	; 0x1402 <.L108>
    141a:	60 93 31 01 	sts	0x0131, r22	; 0x800131 <TIMER1_CTCC_Callback>
    141e:	70 93 32 01 	sts	0x0132, r23	; 0x800132 <TIMER1_CTCC_Callback+0x1>
    1422:	08 95       	ret

00001424 <.L130>:
    1424:	61 15       	cp	r22, r1
    1426:	71 05       	cpc	r23, r1
    1428:	61 f3       	breq	.-40     	; 0x1402 <.L108>
    142a:	60 93 33 01 	sts	0x0133, r22	; 0x800133 <TIMER1_CTCB_Callback>
    142e:	70 93 34 01 	sts	0x0134, r23	; 0x800134 <TIMER1_CTCB_Callback+0x1>
    1432:	08 95       	ret

00001434 <.L132>:
    1434:	61 15       	cp	r22, r1
    1436:	71 05       	cpc	r23, r1
    1438:	21 f3       	breq	.-56     	; 0x1402 <.L108>
    143a:	60 93 2f 01 	sts	0x012F, r22	; 0x80012f <TIMER1_CaptureEvent_Callback>
    143e:	70 93 30 01 	sts	0x0130, r23	; 0x800130 <TIMER1_CaptureEvent_Callback+0x1>
    1442:	08 95       	ret

00001444 <__vector_11>:
    1444:	1f 92       	push	r1
    1446:	0f 92       	push	r0
    1448:	0f b6       	in	r0, 0x3f	; 63
    144a:	0f 92       	push	r0
    144c:	11 24       	eor	r1, r1
    144e:	0b b6       	in	r0, 0x3b	; 59
    1450:	0f 92       	push	r0
    1452:	2f 93       	push	r18
    1454:	3f 93       	push	r19
    1456:	4f 93       	push	r20
    1458:	5f 93       	push	r21
    145a:	6f 93       	push	r22
    145c:	7f 93       	push	r23
    145e:	8f 93       	push	r24
    1460:	9f 93       	push	r25
    1462:	af 93       	push	r26
    1464:	bf 93       	push	r27
    1466:	ef 93       	push	r30
    1468:	ff 93       	push	r31
    146a:	e0 91 2f 01 	lds	r30, 0x012F	; 0x80012f <TIMER1_CaptureEvent_Callback>
    146e:	f0 91 30 01 	lds	r31, 0x0130	; 0x800130 <TIMER1_CaptureEvent_Callback+0x1>
    1472:	30 97       	sbiw	r30, 0x00	; 0
    1474:	09 f0       	breq	.+2      	; 0x1478 <.L133>
    1476:	09 95       	icall

00001478 <.L133>:
    1478:	ff 91       	pop	r31
    147a:	ef 91       	pop	r30
    147c:	bf 91       	pop	r27
    147e:	af 91       	pop	r26
    1480:	9f 91       	pop	r25
    1482:	8f 91       	pop	r24
    1484:	7f 91       	pop	r23
    1486:	6f 91       	pop	r22
    1488:	5f 91       	pop	r21
    148a:	4f 91       	pop	r20
    148c:	3f 91       	pop	r19
    148e:	2f 91       	pop	r18
    1490:	0f 90       	pop	r0
    1492:	0b be       	out	0x3b, r0	; 59
    1494:	0f 90       	pop	r0
    1496:	0f be       	out	0x3f, r0	; 63
    1498:	0f 90       	pop	r0
    149a:	1f 90       	pop	r1
    149c:	18 95       	reti

0000149e <__vector_12>:
    149e:	1f 92       	push	r1
    14a0:	0f 92       	push	r0
    14a2:	0f b6       	in	r0, 0x3f	; 63
    14a4:	0f 92       	push	r0
    14a6:	11 24       	eor	r1, r1
    14a8:	0b b6       	in	r0, 0x3b	; 59
    14aa:	0f 92       	push	r0
    14ac:	2f 93       	push	r18
    14ae:	3f 93       	push	r19
    14b0:	4f 93       	push	r20
    14b2:	5f 93       	push	r21
    14b4:	6f 93       	push	r22
    14b6:	7f 93       	push	r23
    14b8:	8f 93       	push	r24
    14ba:	9f 93       	push	r25
    14bc:	af 93       	push	r26
    14be:	bf 93       	push	r27
    14c0:	ef 93       	push	r30
    14c2:	ff 93       	push	r31
    14c4:	e0 91 35 01 	lds	r30, 0x0135	; 0x800135 <TIMER1_CTCA_Callback>
    14c8:	f0 91 36 01 	lds	r31, 0x0136	; 0x800136 <TIMER1_CTCA_Callback+0x1>
    14cc:	30 97       	sbiw	r30, 0x00	; 0
    14ce:	09 f0       	breq	.+2      	; 0x14d2 <.L138>
    14d0:	09 95       	icall

000014d2 <.L138>:
    14d2:	ff 91       	pop	r31
    14d4:	ef 91       	pop	r30
    14d6:	bf 91       	pop	r27
    14d8:	af 91       	pop	r26
    14da:	9f 91       	pop	r25
    14dc:	8f 91       	pop	r24
    14de:	7f 91       	pop	r23
    14e0:	6f 91       	pop	r22
    14e2:	5f 91       	pop	r21
    14e4:	4f 91       	pop	r20
    14e6:	3f 91       	pop	r19
    14e8:	2f 91       	pop	r18
    14ea:	0f 90       	pop	r0
    14ec:	0b be       	out	0x3b, r0	; 59
    14ee:	0f 90       	pop	r0
    14f0:	0f be       	out	0x3f, r0	; 63
    14f2:	0f 90       	pop	r0
    14f4:	1f 90       	pop	r1
    14f6:	18 95       	reti

000014f8 <__vector_13>:
    14f8:	1f 92       	push	r1
    14fa:	0f 92       	push	r0
    14fc:	0f b6       	in	r0, 0x3f	; 63
    14fe:	0f 92       	push	r0
    1500:	11 24       	eor	r1, r1
    1502:	0b b6       	in	r0, 0x3b	; 59
    1504:	0f 92       	push	r0
    1506:	2f 93       	push	r18
    1508:	3f 93       	push	r19
    150a:	4f 93       	push	r20
    150c:	5f 93       	push	r21
    150e:	6f 93       	push	r22
    1510:	7f 93       	push	r23
    1512:	8f 93       	push	r24
    1514:	9f 93       	push	r25
    1516:	af 93       	push	r26
    1518:	bf 93       	push	r27
    151a:	ef 93       	push	r30
    151c:	ff 93       	push	r31
    151e:	e0 91 33 01 	lds	r30, 0x0133	; 0x800133 <TIMER1_CTCB_Callback>
    1522:	f0 91 34 01 	lds	r31, 0x0134	; 0x800134 <TIMER1_CTCB_Callback+0x1>
    1526:	30 97       	sbiw	r30, 0x00	; 0
    1528:	09 f0       	breq	.+2      	; 0x152c <.L143>
    152a:	09 95       	icall

0000152c <.L143>:
    152c:	ff 91       	pop	r31
    152e:	ef 91       	pop	r30
    1530:	bf 91       	pop	r27
    1532:	af 91       	pop	r26
    1534:	9f 91       	pop	r25
    1536:	8f 91       	pop	r24
    1538:	7f 91       	pop	r23
    153a:	6f 91       	pop	r22
    153c:	5f 91       	pop	r21
    153e:	4f 91       	pop	r20
    1540:	3f 91       	pop	r19
    1542:	2f 91       	pop	r18
    1544:	0f 90       	pop	r0
    1546:	0b be       	out	0x3b, r0	; 59
    1548:	0f 90       	pop	r0
    154a:	0f be       	out	0x3f, r0	; 63
    154c:	0f 90       	pop	r0
    154e:	1f 90       	pop	r1
    1550:	18 95       	reti

00001552 <__vector_14>:
    1552:	1f 92       	push	r1
    1554:	0f 92       	push	r0
    1556:	0f b6       	in	r0, 0x3f	; 63
    1558:	0f 92       	push	r0
    155a:	11 24       	eor	r1, r1
    155c:	0b b6       	in	r0, 0x3b	; 59
    155e:	0f 92       	push	r0
    1560:	2f 93       	push	r18
    1562:	3f 93       	push	r19
    1564:	4f 93       	push	r20
    1566:	5f 93       	push	r21
    1568:	6f 93       	push	r22
    156a:	7f 93       	push	r23
    156c:	8f 93       	push	r24
    156e:	9f 93       	push	r25
    1570:	af 93       	push	r26
    1572:	bf 93       	push	r27
    1574:	ef 93       	push	r30
    1576:	ff 93       	push	r31
    1578:	e0 91 37 01 	lds	r30, 0x0137	; 0x800137 <TIMER1_OverFlow_Callback>
    157c:	f0 91 38 01 	lds	r31, 0x0138	; 0x800138 <TIMER1_OverFlow_Callback+0x1>
    1580:	30 97       	sbiw	r30, 0x00	; 0
    1582:	09 f0       	breq	.+2      	; 0x1586 <.L148>
    1584:	09 95       	icall

00001586 <.L148>:
    1586:	ff 91       	pop	r31
    1588:	ef 91       	pop	r30
    158a:	bf 91       	pop	r27
    158c:	af 91       	pop	r26
    158e:	9f 91       	pop	r25
    1590:	8f 91       	pop	r24
    1592:	7f 91       	pop	r23
    1594:	6f 91       	pop	r22
    1596:	5f 91       	pop	r21
    1598:	4f 91       	pop	r20
    159a:	3f 91       	pop	r19
    159c:	2f 91       	pop	r18
    159e:	0f 90       	pop	r0
    15a0:	0b be       	out	0x3b, r0	; 59
    15a2:	0f 90       	pop	r0
    15a4:	0f be       	out	0x3f, r0	; 63
    15a6:	0f 90       	pop	r0
    15a8:	1f 90       	pop	r1
    15aa:	18 95       	reti

000015ac <__vector_24>:
    15ac:	1f 92       	push	r1
    15ae:	0f 92       	push	r0
    15b0:	0f b6       	in	r0, 0x3f	; 63
    15b2:	0f 92       	push	r0
    15b4:	11 24       	eor	r1, r1
    15b6:	0b b6       	in	r0, 0x3b	; 59
    15b8:	0f 92       	push	r0
    15ba:	2f 93       	push	r18
    15bc:	3f 93       	push	r19
    15be:	4f 93       	push	r20
    15c0:	5f 93       	push	r21
    15c2:	6f 93       	push	r22
    15c4:	7f 93       	push	r23
    15c6:	8f 93       	push	r24
    15c8:	9f 93       	push	r25
    15ca:	af 93       	push	r26
    15cc:	bf 93       	push	r27
    15ce:	ef 93       	push	r30
    15d0:	ff 93       	push	r31
    15d2:	e0 91 31 01 	lds	r30, 0x0131	; 0x800131 <TIMER1_CTCC_Callback>
    15d6:	f0 91 32 01 	lds	r31, 0x0132	; 0x800132 <TIMER1_CTCC_Callback+0x1>
    15da:	30 97       	sbiw	r30, 0x00	; 0
    15dc:	09 f0       	breq	.+2      	; 0x15e0 <.L153>
    15de:	09 95       	icall

000015e0 <.L153>:
    15e0:	ff 91       	pop	r31
    15e2:	ef 91       	pop	r30
    15e4:	bf 91       	pop	r27
    15e6:	af 91       	pop	r26
    15e8:	9f 91       	pop	r25
    15ea:	8f 91       	pop	r24
    15ec:	7f 91       	pop	r23
    15ee:	6f 91       	pop	r22
    15f0:	5f 91       	pop	r21
    15f2:	4f 91       	pop	r20
    15f4:	3f 91       	pop	r19
    15f6:	2f 91       	pop	r18
    15f8:	0f 90       	pop	r0
    15fa:	0b be       	out	0x3b, r0	; 59
    15fc:	0f 90       	pop	r0
    15fe:	0f be       	out	0x3f, r0	; 63
    1600:	0f 90       	pop	r0
    1602:	1f 90       	pop	r1
    1604:	18 95       	reti

00001606 <main>:
    1606:	81 e0       	ldi	r24, 0x01	; 1
    1608:	0e 94 bf 00 	call	0x17e	; 0x17e <LCD_Init>
    160c:	0e 94 6b 02 	call	0x4d6	; 0x4d6 <ULTS_Init>
    1610:	0e 94 1e 07 	call	0xe3c	; 0xe3c <GIE_Enable>
    1614:	4d ec       	ldi	r20, 0xCD	; 205
    1616:	c4 2e       	mov	r12, r20
    1618:	5c ec       	ldi	r21, 0xCC	; 204
    161a:	f5 2e       	mov	r15, r21
    161c:	ec 2c       	mov	r14, r12
    161e:	65 e0       	ldi	r22, 0x05	; 5
    1620:	d6 2e       	mov	r13, r22
    1622:	0a e0       	ldi	r16, 0x0A	; 10
    1624:	10 e0       	ldi	r17, 0x00	; 0
    1626:	14 c0       	rjmp	.+40     	; 0x1650 <.L4>

00001628 <.L5>:
    1628:	be 01       	movw	r22, r28
    162a:	80 e0       	ldi	r24, 0x00	; 0
    162c:	90 e0       	ldi	r25, 0x00	; 0
    162e:	41 e0       	ldi	r20, 0x01	; 1
    1630:	0e 94 2a 01 	call	0x254	; 0x254 <LCD_Number>
    1634:	61 e0       	ldi	r22, 0x01	; 1
    1636:	80 e1       	ldi	r24, 0x10	; 16
    1638:	91 e0       	ldi	r25, 0x01	; 1
    163a:	0e 94 03 01 	call	0x206	; 0x206 <LCD_WriteString>
    163e:	2f ef       	ldi	r18, 0xFF	; 255
    1640:	84 e3       	ldi	r24, 0x34	; 52
    1642:	9c e0       	ldi	r25, 0x0C	; 12

00001644 <.L1^B1>:
    1644:	21 50       	subi	r18, 0x01	; 1
    1646:	80 40       	sbci	r24, 0x00	; 0
    1648:	90 40       	sbci	r25, 0x00	; 0
    164a:	e1 f7       	brne	.-8      	; 0x1644 <.L1^B1>
    164c:	00 c0       	rjmp	.+0      	; 0x164e <L0^A>

0000164e <L0^A>:
	...

00001650 <.L4>:
    1650:	0e 94 b6 02 	call	0x56c	; 0x56c <ULTS_GetDistance>
    1654:	ec 01       	movw	r28, r24
    1656:	60 e0       	ldi	r22, 0x00	; 0
    1658:	80 e0       	ldi	r24, 0x00	; 0
    165a:	0e 94 1b 01 	call	0x236	; 0x236 <LCD_Go_To_XY>
    165e:	61 e0       	ldi	r22, 0x01	; 1
    1660:	85 e0       	ldi	r24, 0x05	; 5
    1662:	91 e0       	ldi	r25, 0x01	; 1
    1664:	0e 94 03 01 	call	0x206	; 0x206 <LCD_WriteString>
    1668:	c4 36       	cpi	r28, 0x64	; 100
    166a:	d1 05       	cpc	r29, r1
    166c:	e8 f2       	brcs	.-70     	; 0x1628 <.L5>
    166e:	9e 01       	movw	r18, r28
    1670:	36 95       	lsr	r19
    1672:	27 95       	ror	r18
    1674:	36 95       	lsr	r19
    1676:	27 95       	ror	r18
    1678:	ab e7       	ldi	r26, 0x7B	; 123
    167a:	b4 e1       	ldi	r27, 0x14	; 20
    167c:	0e 94 7e 0b 	call	0x16fc	; 0x16fc <__umulhisi3>
    1680:	96 95       	lsr	r25
    1682:	87 95       	ror	r24
    1684:	bc 01       	movw	r22, r24
    1686:	80 e0       	ldi	r24, 0x00	; 0
    1688:	90 e0       	ldi	r25, 0x00	; 0
    168a:	41 e0       	ldi	r20, 0x01	; 1
    168c:	0e 94 2a 01 	call	0x254	; 0x254 <LCD_Number>
    1690:	8c 2f       	mov	r24, r28
    1692:	8f 70       	andi	r24, 0x0F	; 15
    1694:	9c 2f       	mov	r25, r28
    1696:	92 95       	swap	r25
    1698:	9f 70       	andi	r25, 0x0F	; 15
    169a:	98 0f       	add	r25, r24
    169c:	8d 2f       	mov	r24, r29
    169e:	8f 70       	andi	r24, 0x0F	; 15
    16a0:	98 0f       	add	r25, r24
    16a2:	8d 2f       	mov	r24, r29
    16a4:	82 95       	swap	r24
    16a6:	8f 70       	andi	r24, 0x0F	; 15
    16a8:	98 0f       	add	r25, r24
    16aa:	9c 9d       	mul	r25, r12
    16ac:	81 2d       	mov	r24, r1
    16ae:	11 24       	eor	r1, r1
    16b0:	28 2f       	mov	r18, r24
    16b2:	26 95       	lsr	r18
    16b4:	26 95       	lsr	r18
    16b6:	8c 77       	andi	r24, 0x7C	; 124
    16b8:	82 0f       	add	r24, r18
    16ba:	98 1b       	sub	r25, r24
    16bc:	c9 1b       	sub	r28, r25
    16be:	d1 09       	sbc	r29, r1
    16c0:	ce 9d       	mul	r28, r14
    16c2:	90 01       	movw	r18, r0
    16c4:	cf 9d       	mul	r28, r15
    16c6:	30 0d       	add	r19, r0
    16c8:	de 9d       	mul	r29, r14
    16ca:	30 0d       	add	r19, r0
    16cc:	11 24       	eor	r1, r1
    16ce:	42 2f       	mov	r20, r18
    16d0:	41 70       	andi	r20, 0x01	; 1
    16d2:	50 e0       	ldi	r21, 0x00	; 0
    16d4:	d4 9e       	mul	r13, r20
    16d6:	e0 01       	movw	r28, r0
    16d8:	d5 9e       	mul	r13, r21
    16da:	d0 0d       	add	r29, r0
    16dc:	11 24       	eor	r1, r1
    16de:	c9 0f       	add	r28, r25
    16e0:	d1 1d       	adc	r29, r1
    16e2:	c9 01       	movw	r24, r18
    16e4:	96 95       	lsr	r25
    16e6:	87 95       	ror	r24
    16e8:	b8 01       	movw	r22, r16
    16ea:	0e 94 8d 0b 	call	0x171a	; 0x171a <__divmodhi4>
    16ee:	bc 01       	movw	r22, r24
    16f0:	80 e0       	ldi	r24, 0x00	; 0
    16f2:	90 e0       	ldi	r25, 0x00	; 0
    16f4:	41 e0       	ldi	r20, 0x01	; 1
    16f6:	0e 94 2a 01 	call	0x254	; 0x254 <LCD_Number>
    16fa:	96 cf       	rjmp	.-212    	; 0x1628 <.L5>

000016fc <__umulhisi3>:
    16fc:	a2 9f       	mul	r26, r18

000016fe <.Loc.1>:
    16fe:	b0 01       	movw	r22, r0

00001700 <.Loc.2>:
    1700:	b3 9f       	mul	r27, r19

00001702 <.Loc.3>:
    1702:	c0 01       	movw	r24, r0

00001704 <.Loc.4>:
    1704:	a3 9f       	mul	r26, r19

00001706 <.Loc.5>:
    1706:	70 0d       	add	r23, r0

00001708 <.Loc.6>:
    1708:	81 1d       	adc	r24, r1

0000170a <.Loc.7>:
    170a:	11 24       	eor	r1, r1

0000170c <.Loc.8>:
    170c:	91 1d       	adc	r25, r1

0000170e <.Loc.9>:
    170e:	b2 9f       	mul	r27, r18

00001710 <.Loc.10>:
    1710:	70 0d       	add	r23, r0

00001712 <.Loc.11>:
    1712:	81 1d       	adc	r24, r1

00001714 <.Loc.12>:
    1714:	11 24       	eor	r1, r1

00001716 <.Loc.13>:
    1716:	91 1d       	adc	r25, r1

00001718 <.Loc.14>:
    1718:	08 95       	ret

0000171a <__divmodhi4>:
    171a:	97 fb       	bst	r25, 7

0000171c <.Loc.1>:
    171c:	07 2e       	mov	r0, r23

0000171e <.Loc.2>:
    171e:	16 f4       	brtc	.+4      	; 0x1724 <.L0^B1>

00001720 <.Loc.3>:
    1720:	00 94       	com	r0

00001722 <.Loc.4>:
    1722:	07 d0       	rcall	.+14     	; 0x1732 <__divmodhi4_neg1>

00001724 <.L0^B1>:
    1724:	77 fd       	sbrc	r23, 7

00001726 <.Loc.6>:
    1726:	09 d0       	rcall	.+18     	; 0x173a <__divmodhi4_neg2>

00001728 <.Loc.7>:
    1728:	0e 94 b9 0c 	call	0x1972	; 0x1972 <__udivmodhi4>

0000172c <.Loc.8>:
    172c:	07 fc       	sbrc	r0, 7

0000172e <.Loc.9>:
    172e:	05 d0       	rcall	.+10     	; 0x173a <__divmodhi4_neg2>

00001730 <.Loc.10>:
    1730:	3e f4       	brtc	.+14     	; 0x1740 <__divmodhi4_exit>

00001732 <__divmodhi4_neg1>:
    1732:	90 95       	com	r25

00001734 <.Loc.12>:
    1734:	81 95       	neg	r24

00001736 <.Loc.13>:
    1736:	9f 4f       	sbci	r25, 0xFF	; 255

00001738 <.Loc.14>:
    1738:	08 95       	ret

0000173a <__divmodhi4_neg2>:
    173a:	70 95       	com	r23

0000173c <.Loc.16>:
    173c:	61 95       	neg	r22

0000173e <.Loc.17>:
    173e:	7f 4f       	sbci	r23, 0xFF	; 255

00001740 <__divmodhi4_exit>:
    1740:	08 95       	ret

00001742 <__udivmodsi4>:
    1742:	a1 e2       	ldi	r26, 0x21	; 33

00001744 <.Loc.1>:
    1744:	1a 2e       	mov	r1, r26

00001746 <.Loc.2>:
    1746:	aa 1b       	sub	r26, r26

00001748 <.Loc.3>:
    1748:	bb 1b       	sub	r27, r27

0000174a <.Loc.4>:
    174a:	fd 01       	movw	r30, r26

0000174c <.Loc.5>:
    174c:	0d c0       	rjmp	.+26     	; 0x1768 <__udivmodsi4_ep>

0000174e <__udivmodsi4_loop>:
    174e:	aa 1f       	adc	r26, r26

00001750 <.Loc.7>:
    1750:	bb 1f       	adc	r27, r27

00001752 <.Loc.8>:
    1752:	ee 1f       	adc	r30, r30

00001754 <.Loc.9>:
    1754:	ff 1f       	adc	r31, r31

00001756 <.Loc.10>:
    1756:	a2 17       	cp	r26, r18

00001758 <.Loc.11>:
    1758:	b3 07       	cpc	r27, r19

0000175a <.Loc.12>:
    175a:	e4 07       	cpc	r30, r20

0000175c <.Loc.13>:
    175c:	f5 07       	cpc	r31, r21

0000175e <.Loc.14>:
    175e:	20 f0       	brcs	.+8      	; 0x1768 <__udivmodsi4_ep>

00001760 <.Loc.15>:
    1760:	a2 1b       	sub	r26, r18

00001762 <.Loc.16>:
    1762:	b3 0b       	sbc	r27, r19

00001764 <.Loc.17>:
    1764:	e4 0b       	sbc	r30, r20

00001766 <.Loc.18>:
    1766:	f5 0b       	sbc	r31, r21

00001768 <__udivmodsi4_ep>:
    1768:	66 1f       	adc	r22, r22

0000176a <.Loc.20>:
    176a:	77 1f       	adc	r23, r23

0000176c <.Loc.21>:
    176c:	88 1f       	adc	r24, r24

0000176e <.Loc.22>:
    176e:	99 1f       	adc	r25, r25

00001770 <.Loc.23>:
    1770:	1a 94       	dec	r1

00001772 <.Loc.24>:
    1772:	69 f7       	brne	.-38     	; 0x174e <__udivmodsi4_loop>

00001774 <.Loc.25>:
    1774:	60 95       	com	r22

00001776 <.Loc.26>:
    1776:	70 95       	com	r23

00001778 <.Loc.27>:
    1778:	80 95       	com	r24

0000177a <.Loc.28>:
    177a:	90 95       	com	r25

0000177c <.Loc.29>:
    177c:	9b 01       	movw	r18, r22

0000177e <.Loc.30>:
    177e:	ac 01       	movw	r20, r24

00001780 <.Loc.31>:
    1780:	bd 01       	movw	r22, r26

00001782 <.Loc.32>:
    1782:	cf 01       	movw	r24, r30

00001784 <.Loc.33>:
    1784:	08 95       	ret

00001786 <__divmodsi4>:
    1786:	05 2e       	mov	r0, r21

00001788 <.Loc.1>:
    1788:	97 fb       	bst	r25, 7

0000178a <.Loc.2>:
    178a:	1e f4       	brtc	.+6      	; 0x1792 <.L0^B1>

0000178c <.Loc.3>:
    178c:	00 94       	com	r0

0000178e <.Loc.4>:
    178e:	0e 94 da 0b 	call	0x17b4	; 0x17b4 <__negsi2>

00001792 <.L0^B1>:
    1792:	57 fd       	sbrc	r21, 7

00001794 <.Loc.6>:
    1794:	07 d0       	rcall	.+14     	; 0x17a4 <__divmodsi4_neg2>

00001796 <.Loc.7>:
    1796:	0e 94 a1 0b 	call	0x1742	; 0x1742 <__udivmodsi4>

0000179a <.Loc.8>:
    179a:	07 fc       	sbrc	r0, 7

0000179c <.Loc.9>:
    179c:	03 d0       	rcall	.+6      	; 0x17a4 <__divmodsi4_neg2>

0000179e <.Loc.10>:
    179e:	4e f4       	brtc	.+18     	; 0x17b2 <__divmodsi4_exit>

000017a0 <.Loc.11>:
    17a0:	0c 94 da 0b 	jmp	0x17b4	; 0x17b4 <__negsi2>

000017a4 <__divmodsi4_neg2>:
    17a4:	50 95       	com	r21

000017a6 <.Loc.13>:
    17a6:	40 95       	com	r20

000017a8 <.Loc.14>:
    17a8:	30 95       	com	r19

000017aa <.Loc.15>:
    17aa:	21 95       	neg	r18

000017ac <.Loc.16>:
    17ac:	3f 4f       	sbci	r19, 0xFF	; 255

000017ae <.Loc.17>:
    17ae:	4f 4f       	sbci	r20, 0xFF	; 255

000017b0 <.Loc.18>:
    17b0:	5f 4f       	sbci	r21, 0xFF	; 255

000017b2 <__divmodsi4_exit>:
    17b2:	08 95       	ret

000017b4 <__negsi2>:
    17b4:	90 95       	com	r25
    17b6:	80 95       	com	r24
    17b8:	70 95       	com	r23
    17ba:	61 95       	neg	r22
    17bc:	7f 4f       	sbci	r23, 0xFF	; 255
    17be:	8f 4f       	sbci	r24, 0xFF	; 255
    17c0:	9f 4f       	sbci	r25, 0xFF	; 255

000017c2 <.Loc.1>:
    17c2:	08 95       	ret

000017c4 <__tablejump2__>:
    17c4:	ee 0f       	add	r30, r30

000017c6 <.Loc.1>:
    17c6:	ff 1f       	adc	r31, r31

000017c8 <.Loc.2>:
    17c8:	00 24       	eor	r0, r0

000017ca <.Loc.3>:
    17ca:	00 1c       	adc	r0, r0

000017cc <.Loc.4>:
    17cc:	0b be       	out	0x3b, r0	; 59

000017ce <.Loc.5>:
    17ce:	07 90       	elpm	r0, Z+

000017d0 <.Loc.6>:
    17d0:	f6 91       	elpm	r31, Z

000017d2 <.Loc.7>:
    17d2:	e0 2d       	mov	r30, r0

000017d4 <.Loc.8>:
    17d4:	09 94       	ijmp

000017d6 <__muluhisi3>:
    17d6:	0e 94 7e 0b 	call	0x16fc	; 0x16fc <__umulhisi3>

000017da <.Loc.1>:
    17da:	a5 9f       	mul	r26, r21

000017dc <.Loc.2>:
    17dc:	90 0d       	add	r25, r0

000017de <.Loc.3>:
    17de:	b4 9f       	mul	r27, r20

000017e0 <.Loc.4>:
    17e0:	90 0d       	add	r25, r0

000017e2 <.Loc.5>:
    17e2:	a4 9f       	mul	r26, r20

000017e4 <.Loc.6>:
    17e4:	80 0d       	add	r24, r0

000017e6 <.Loc.7>:
    17e6:	91 1d       	adc	r25, r1

000017e8 <.Loc.8>:
    17e8:	11 24       	eor	r1, r1

000017ea <.Loc.9>:
    17ea:	08 95       	ret

000017ec <__muldi3>:
    17ec:	df 93       	push	r29

000017ee <.Loc.1>:
    17ee:	cf 93       	push	r28

000017f0 <.Loc.2>:
    17f0:	1f 93       	push	r17

000017f2 <.Loc.3>:
    17f2:	0f 93       	push	r16

000017f4 <.Loc.4>:
    17f4:	9a 9d       	mul	r25, r10
    17f6:	f0 2d       	mov	r31, r0

000017f8 <.Loc.5>:
    17f8:	21 9f       	mul	r18, r17
    17fa:	f0 0d       	add	r31, r0

000017fc <.Loc.6>:
    17fc:	8b 9d       	mul	r24, r11
    17fe:	f0 0d       	add	r31, r0

00001800 <.Loc.7>:
    1800:	8a 9d       	mul	r24, r10
    1802:	e0 2d       	mov	r30, r0
    1804:	f1 0d       	add	r31, r1

00001806 <.Loc.8>:
    1806:	03 9f       	mul	r16, r19
    1808:	f0 0d       	add	r31, r0

0000180a <.Loc.9>:
    180a:	02 9f       	mul	r16, r18
    180c:	e0 0d       	add	r30, r0
    180e:	f1 1d       	adc	r31, r1

00001810 <.Loc.10>:
    1810:	4e 9d       	mul	r20, r14
    1812:	e0 0d       	add	r30, r0
    1814:	f1 1d       	adc	r31, r1

00001816 <.Loc.11>:
    1816:	5e 9d       	mul	r21, r14
    1818:	f0 0d       	add	r31, r0

0000181a <.Loc.12>:
    181a:	4f 9d       	mul	r20, r15
    181c:	f0 0d       	add	r31, r0

0000181e <.Loc.13>:
    181e:	7f 93       	push	r23

00001820 <.Loc.14>:
    1820:	6f 93       	push	r22

00001822 <.Loc.15>:
    1822:	bf 92       	push	r11

00001824 <.Loc.16>:
    1824:	af 92       	push	r10

00001826 <.Loc.17>:
    1826:	5f 93       	push	r21

00001828 <.Loc.18>:
    1828:	4f 93       	push	r20

0000182a <.Loc.19>:
    182a:	d5 01       	movw	r26, r10

0000182c <.Loc.20>:
    182c:	0e 94 7e 0b 	call	0x16fc	; 0x16fc <__umulhisi3>

00001830 <.Loc.21>:
    1830:	8b 01       	movw	r16, r22

00001832 <.Loc.22>:
    1832:	ac 01       	movw	r20, r24

00001834 <.Loc.23>:
    1834:	d7 01       	movw	r26, r14

00001836 <.Loc.24>:
    1836:	0e 94 7e 0b 	call	0x16fc	; 0x16fc <__umulhisi3>
    183a:	eb 01       	movw	r28, r22
    183c:	e8 0f       	add	r30, r24
    183e:	f9 1f       	adc	r31, r25

00001840 <.Loc.25>:
    1840:	d6 01       	movw	r26, r12

00001842 <.Loc.26>:
    1842:	0e 94 45 0c 	call	0x188a	; 0x188a <__muldi3_6>

00001846 <.Loc.27>:
    1846:	2f 91       	pop	r18

00001848 <.Loc.28>:
    1848:	3f 91       	pop	r19

0000184a <.Loc.29>:
    184a:	d6 01       	movw	r26, r12

0000184c <.Loc.30>:
    184c:	0e 94 7e 0b 	call	0x16fc	; 0x16fc <__umulhisi3>
    1850:	c6 0f       	add	r28, r22
    1852:	d7 1f       	adc	r29, r23
    1854:	e8 1f       	adc	r30, r24
    1856:	f9 1f       	adc	r31, r25

00001858 <.Loc.31>:
    1858:	af 91       	pop	r26

0000185a <.Loc.32>:
    185a:	bf 91       	pop	r27

0000185c <.Loc.33>:
    185c:	0e 94 45 0c 	call	0x188a	; 0x188a <__muldi3_6>

00001860 <.Loc.34>:
    1860:	2f 91       	pop	r18

00001862 <.Loc.35>:
    1862:	3f 91       	pop	r19

00001864 <.Loc.36>:
    1864:	0e 94 7e 0b 	call	0x16fc	; 0x16fc <__umulhisi3>
    1868:	c6 0f       	add	r28, r22
    186a:	d7 1f       	adc	r29, r23
    186c:	e8 1f       	adc	r30, r24
    186e:	f9 1f       	adc	r31, r25

00001870 <.Loc.37>:
    1870:	d6 01       	movw	r26, r12

00001872 <.Loc.38>:
    1872:	0e 94 7e 0b 	call	0x16fc	; 0x16fc <__umulhisi3>
    1876:	e6 0f       	add	r30, r22
    1878:	f7 1f       	adc	r31, r23

0000187a <.Loc.39>:
    187a:	98 01       	movw	r18, r16

0000187c <.Loc.40>:
    187c:	be 01       	movw	r22, r28

0000187e <.Loc.41>:
    187e:	cf 01       	movw	r24, r30

00001880 <.Loc.42>:
    1880:	0f 91       	pop	r16

00001882 <.Loc.43>:
    1882:	1f 91       	pop	r17

00001884 <.Loc.44>:
    1884:	cf 91       	pop	r28

00001886 <.Loc.45>:
    1886:	df 91       	pop	r29

00001888 <.Loc.46>:
    1888:	08 95       	ret

0000188a <__muldi3_6>:
    188a:	0e 94 7e 0b 	call	0x16fc	; 0x16fc <__umulhisi3>

0000188e <.Loc.1>:
    188e:	46 0f       	add	r20, r22

00001890 <.Loc.2>:
    1890:	57 1f       	adc	r21, r23

00001892 <.Loc.3>:
    1892:	c8 1f       	adc	r28, r24

00001894 <.Loc.4>:
    1894:	d9 1f       	adc	r29, r25

00001896 <.Loc.5>:
    1896:	08 f4       	brcc	.+2      	; 0x189a <.L0^B1>

00001898 <.Loc.6>:
    1898:	31 96       	adiw	r30, 0x01	; 1

0000189a <.L0^B1>:
    189a:	08 95       	ret

0000189c <__umoddi3>:
    189c:	68 94       	set

0000189e <.Loc.1>:
    189e:	01 c0       	rjmp	.+2      	; 0x18a2 <__udivdi3_umoddi3>

000018a0 <__udivdi3>:
    18a0:	e8 94       	clt

000018a2 <__udivdi3_umoddi3>:
    18a2:	8f 92       	push	r8

000018a4 <.Loc.4>:
    18a4:	9f 92       	push	r9

000018a6 <.Loc.5>:
    18a6:	cf 93       	push	r28

000018a8 <.Loc.6>:
    18a8:	df 93       	push	r29

000018aa <.Loc.7>:
    18aa:	0e 94 5c 0c 	call	0x18b8	; 0x18b8 <__udivmod64>

000018ae <.Loc.8>:
    18ae:	df 91       	pop	r29

000018b0 <.Loc.9>:
    18b0:	cf 91       	pop	r28

000018b2 <.Loc.10>:
    18b2:	9f 90       	pop	r9

000018b4 <.Loc.11>:
    18b4:	8f 90       	pop	r8

000018b6 <.Loc.12>:
    18b6:	08 95       	ret

000018b8 <__udivmod64>:
    18b8:	88 24       	eor	r8, r8

000018ba <.Loc.1>:
    18ba:	99 24       	eor	r9, r9

000018bc <.Loc.2>:
    18bc:	f4 01       	movw	r30, r8

000018be <.Loc.3>:
    18be:	e4 01       	movw	r28, r8

000018c0 <.Loc.4>:
    18c0:	b0 e4       	ldi	r27, 0x40	; 64

000018c2 <.Loc.5>:
    18c2:	9f 93       	push	r25

000018c4 <.Loc.6>:
    18c4:	aa 27       	eor	r26, r26

000018c6 <.L1^B1>:
    18c6:	9a 15       	cp	r25, r10
    18c8:	8b 04       	cpc	r8, r11
    18ca:	9c 04       	cpc	r9, r12
    18cc:	ed 05       	cpc	r30, r13

000018ce <.Loc.8>:
    18ce:	fe 05       	cpc	r31, r14
    18d0:	cf 05       	cpc	r28, r15
    18d2:	d0 07       	cpc	r29, r16
    18d4:	a1 07       	cpc	r26, r17

000018d6 <.Loc.9>:
    18d6:	98 f4       	brcc	.+38     	; 0x18fe <.L2^B1>

000018d8 <.Loc.10>:
    18d8:	ad 2f       	mov	r26, r29
    18da:	dc 2f       	mov	r29, r28
    18dc:	cf 2f       	mov	r28, r31

000018de <.Loc.11>:
    18de:	fe 2f       	mov	r31, r30
    18e0:	e9 2d       	mov	r30, r9
    18e2:	98 2c       	mov	r9, r8
    18e4:	89 2e       	mov	r8, r25

000018e6 <.Loc.12>:
    18e6:	98 2f       	mov	r25, r24
    18e8:	87 2f       	mov	r24, r23
    18ea:	76 2f       	mov	r23, r22
    18ec:	65 2f       	mov	r22, r21

000018ee <.Loc.13>:
    18ee:	54 2f       	mov	r21, r20
    18f0:	43 2f       	mov	r20, r19
    18f2:	32 2f       	mov	r19, r18
    18f4:	22 27       	eor	r18, r18

000018f6 <.Loc.14>:
    18f6:	b8 50       	subi	r27, 0x08	; 8

000018f8 <.Loc.15>:
    18f8:	31 f7       	brne	.-52     	; 0x18c6 <.L1^B1>

000018fa <.Loc.16>:
    18fa:	bf 91       	pop	r27

000018fc <.Loc.17>:
    18fc:	27 c0       	rjmp	.+78     	; 0x194c <.L5^B1>

000018fe <.L2^B1>:
    18fe:	1b 2e       	mov	r1, r27

00001900 <.Loc.19>:
    1900:	bf 91       	pop	r27

00001902 <.Loc.20>:
    1902:	bb 27       	eor	r27, r27

00001904 <.L3^B1>:
    1904:	22 0f       	add	r18, r18
    1906:	33 1f       	adc	r19, r19
    1908:	44 1f       	adc	r20, r20
    190a:	55 1f       	adc	r21, r21

0000190c <.Loc.22>:
    190c:	66 1f       	adc	r22, r22
    190e:	77 1f       	adc	r23, r23
    1910:	88 1f       	adc	r24, r24
    1912:	99 1f       	adc	r25, r25

00001914 <.Loc.23>:
    1914:	88 1c       	adc	r8, r8
    1916:	99 1c       	adc	r9, r9
    1918:	ee 1f       	adc	r30, r30
    191a:	ff 1f       	adc	r31, r31

0000191c <.Loc.24>:
    191c:	cc 1f       	adc	r28, r28
    191e:	dd 1f       	adc	r29, r29
    1920:	aa 1f       	adc	r26, r26
    1922:	bb 1f       	adc	r27, r27

00001924 <.Loc.25>:
    1924:	8a 14       	cp	r8, r10
    1926:	9b 04       	cpc	r9, r11
    1928:	ec 05       	cpc	r30, r12
    192a:	fd 05       	cpc	r31, r13

0000192c <.Loc.26>:
    192c:	ce 05       	cpc	r28, r14
    192e:	df 05       	cpc	r29, r15
    1930:	a0 07       	cpc	r26, r16
    1932:	b1 07       	cpc	r27, r17

00001934 <.Loc.27>:
    1934:	48 f0       	brcs	.+18     	; 0x1948 <.L4^B1>

00001936 <.Loc.28>:
    1936:	8a 18       	sub	r8, r10
    1938:	9b 08       	sbc	r9, r11
    193a:	ec 09       	sbc	r30, r12
    193c:	fd 09       	sbc	r31, r13

0000193e <.Loc.29>:
    193e:	ce 09       	sbc	r28, r14
    1940:	df 09       	sbc	r29, r15
    1942:	a0 0b       	sbc	r26, r16
    1944:	b1 0b       	sbc	r27, r17

00001946 <.Loc.30>:
    1946:	21 60       	ori	r18, 0x01	; 1

00001948 <.L4^B1>:
    1948:	1a 94       	dec	r1

0000194a <.Loc.32>:
    194a:	e1 f6       	brne	.-72     	; 0x1904 <.L3^B1>

0000194c <.L5^B1>:
    194c:	2e f4       	brtc	.+10     	; 0x1958 <.L6^B1>

0000194e <.Loc.34>:
    194e:	94 01       	movw	r18, r8

00001950 <.Loc.35>:
    1950:	af 01       	movw	r20, r30

00001952 <.Loc.36>:
    1952:	be 01       	movw	r22, r28

00001954 <.Loc.37>:
    1954:	cd 01       	movw	r24, r26

00001956 <.Loc.38>:
    1956:	00 0c       	add	r0, r0

00001958 <.L6^B1>:
    1958:	08 95       	ret

0000195a <__cmpdi2_s8>:
    195a:	00 24       	eor	r0, r0

0000195c <.Loc.1>:
    195c:	a7 fd       	sbrc	r26, 7

0000195e <.Loc.2>:
    195e:	00 94       	com	r0

00001960 <.Loc.3>:
    1960:	2a 17       	cp	r18, r26
    1962:	30 05       	cpc	r19, r0
    1964:	40 05       	cpc	r20, r0
    1966:	50 05       	cpc	r21, r0

00001968 <.Loc.4>:
    1968:	60 05       	cpc	r22, r0
    196a:	70 05       	cpc	r23, r0
    196c:	80 05       	cpc	r24, r0
    196e:	90 05       	cpc	r25, r0

00001970 <.Loc.5>:
    1970:	08 95       	ret

00001972 <__udivmodhi4>:
    1972:	aa 1b       	sub	r26, r26

00001974 <.Loc.1>:
    1974:	bb 1b       	sub	r27, r27

00001976 <.Loc.2>:
    1976:	51 e1       	ldi	r21, 0x11	; 17

00001978 <.Loc.3>:
    1978:	07 c0       	rjmp	.+14     	; 0x1988 <__udivmodhi4_ep>

0000197a <__udivmodhi4_loop>:
    197a:	aa 1f       	adc	r26, r26

0000197c <.Loc.5>:
    197c:	bb 1f       	adc	r27, r27

0000197e <.Loc.6>:
    197e:	a6 17       	cp	r26, r22

00001980 <.Loc.7>:
    1980:	b7 07       	cpc	r27, r23

00001982 <.Loc.8>:
    1982:	10 f0       	brcs	.+4      	; 0x1988 <__udivmodhi4_ep>

00001984 <.Loc.9>:
    1984:	a6 1b       	sub	r26, r22

00001986 <.Loc.10>:
    1986:	b7 0b       	sbc	r27, r23

00001988 <__udivmodhi4_ep>:
    1988:	88 1f       	adc	r24, r24

0000198a <.Loc.12>:
    198a:	99 1f       	adc	r25, r25

0000198c <.Loc.13>:
    198c:	5a 95       	dec	r21

0000198e <.Loc.14>:
    198e:	a9 f7       	brne	.-22     	; 0x197a <__udivmodhi4_loop>

00001990 <.Loc.15>:
    1990:	80 95       	com	r24

00001992 <.Loc.16>:
    1992:	90 95       	com	r25

00001994 <.Loc.17>:
    1994:	bc 01       	movw	r22, r24

00001996 <.Loc.18>:
    1996:	cd 01       	movw	r24, r26

00001998 <.Loc.19>:
    1998:	08 95       	ret

0000199a <__fixunssfsi>:
    199a:	0e 94 41 0d 	call	0x1a82	; 0x1a82 <__fp_splitA>
    199e:	88 f0       	brcs	.+34     	; 0x19c2 <.L_err>
    19a0:	9f 57       	subi	r25, 0x7F	; 127
    19a2:	98 f0       	brcs	.+38     	; 0x19ca <.L_zr>
    19a4:	b9 2f       	mov	r27, r25
    19a6:	99 27       	eor	r25, r25
    19a8:	b7 51       	subi	r27, 0x17	; 23
    19aa:	b0 f0       	brcs	.+44     	; 0x19d8 <.L4^B1>
    19ac:	e1 f0       	breq	.+56     	; 0x19e6 <.L_sign>

000019ae <.L1^B1>:
    19ae:	66 0f       	add	r22, r22
    19b0:	77 1f       	adc	r23, r23
    19b2:	88 1f       	adc	r24, r24
    19b4:	99 1f       	adc	r25, r25
    19b6:	1a f0       	brmi	.+6      	; 0x19be <.L2^B1>
    19b8:	ba 95       	dec	r27
    19ba:	c9 f7       	brne	.-14     	; 0x19ae <.L1^B1>
    19bc:	14 c0       	rjmp	.+40     	; 0x19e6 <.L_sign>

000019be <.L2^B1>:
    19be:	b1 30       	cpi	r27, 0x01	; 1
    19c0:	91 f0       	breq	.+36     	; 0x19e6 <.L_sign>

000019c2 <.L_err>:
    19c2:	0e 94 5b 0d 	call	0x1ab6	; 0x1ab6 <__fp_zero>
    19c6:	b1 e0       	ldi	r27, 0x01	; 1
    19c8:	08 95       	ret

000019ca <.L_zr>:
    19ca:	0c 94 5b 0d 	jmp	0x1ab6	; 0x1ab6 <__fp_zero>

000019ce <.L3^B1>:
    19ce:	67 2f       	mov	r22, r23
    19d0:	78 2f       	mov	r23, r24
    19d2:	88 27       	eor	r24, r24
    19d4:	b8 5f       	subi	r27, 0xF8	; 248
    19d6:	39 f0       	breq	.+14     	; 0x19e6 <.L_sign>

000019d8 <.L4^B1>:
    19d8:	b9 3f       	cpi	r27, 0xF9	; 249
    19da:	cc f3       	brlt	.-14     	; 0x19ce <.L3^B1>

000019dc <.L5^B1>:
    19dc:	86 95       	lsr	r24
    19de:	77 95       	ror	r23
    19e0:	67 95       	ror	r22
    19e2:	b3 95       	inc	r27
    19e4:	d9 f7       	brne	.-10     	; 0x19dc <.L5^B1>

000019e6 <.L_sign>:
    19e6:	3e f4       	brtc	.+14     	; 0x19f6 <.L6^B1>
    19e8:	90 95       	com	r25
    19ea:	80 95       	com	r24
    19ec:	70 95       	com	r23
    19ee:	61 95       	neg	r22
    19f0:	7f 4f       	sbci	r23, 0xFF	; 255
    19f2:	8f 4f       	sbci	r24, 0xFF	; 255
    19f4:	9f 4f       	sbci	r25, 0xFF	; 255

000019f6 <.L6^B1>:
    19f6:	08 95       	ret

000019f8 <__floatunsisf>:
    19f8:	e8 94       	clt
    19fa:	09 c0       	rjmp	.+18     	; 0x1a0e <.L1^B1>

000019fc <__floatsisf>:
    19fc:	97 fb       	bst	r25, 7
    19fe:	3e f4       	brtc	.+14     	; 0x1a0e <.L1^B1>
    1a00:	90 95       	com	r25
    1a02:	80 95       	com	r24
    1a04:	70 95       	com	r23
    1a06:	61 95       	neg	r22
    1a08:	7f 4f       	sbci	r23, 0xFF	; 255
    1a0a:	8f 4f       	sbci	r24, 0xFF	; 255
    1a0c:	9f 4f       	sbci	r25, 0xFF	; 255

00001a0e <.L1^B1>:
    1a0e:	99 23       	and	r25, r25
    1a10:	a9 f0       	breq	.+42     	; 0x1a3c <.L4^B1>
    1a12:	f9 2f       	mov	r31, r25
    1a14:	96 e9       	ldi	r25, 0x96	; 150
    1a16:	bb 27       	eor	r27, r27

00001a18 <.L2^B1>:
    1a18:	93 95       	inc	r25
    1a1a:	f6 95       	lsr	r31
    1a1c:	87 95       	ror	r24
    1a1e:	77 95       	ror	r23
    1a20:	67 95       	ror	r22
    1a22:	b7 95       	ror	r27
    1a24:	f1 11       	cpse	r31, r1
    1a26:	f8 cf       	rjmp	.-16     	; 0x1a18 <.L2^B1>
    1a28:	fa f4       	brpl	.+62     	; 0x1a68 <.L_pack>
    1a2a:	bb 0f       	add	r27, r27
    1a2c:	11 f4       	brne	.+4      	; 0x1a32 <.L3^B1>
    1a2e:	60 ff       	sbrs	r22, 0
    1a30:	1b c0       	rjmp	.+54     	; 0x1a68 <.L_pack>

00001a32 <.L3^B1>:
    1a32:	6f 5f       	subi	r22, 0xFF	; 255
    1a34:	7f 4f       	sbci	r23, 0xFF	; 255
    1a36:	8f 4f       	sbci	r24, 0xFF	; 255
    1a38:	9f 4f       	sbci	r25, 0xFF	; 255
    1a3a:	16 c0       	rjmp	.+44     	; 0x1a68 <.L_pack>

00001a3c <.L4^B1>:
    1a3c:	88 23       	and	r24, r24
    1a3e:	11 f0       	breq	.+4      	; 0x1a44 <.L5^B1>
    1a40:	96 e9       	ldi	r25, 0x96	; 150
    1a42:	11 c0       	rjmp	.+34     	; 0x1a66 <.L8^B1>

00001a44 <.L5^B1>:
    1a44:	77 23       	and	r23, r23
    1a46:	21 f0       	breq	.+8      	; 0x1a50 <.L6^B1>
    1a48:	9e e8       	ldi	r25, 0x8E	; 142
    1a4a:	87 2f       	mov	r24, r23
    1a4c:	76 2f       	mov	r23, r22
    1a4e:	05 c0       	rjmp	.+10     	; 0x1a5a <.L7^B1>

00001a50 <.L6^B1>:
    1a50:	66 23       	and	r22, r22
    1a52:	71 f0       	breq	.+28     	; 0x1a70 <.L9^B1>
    1a54:	96 e8       	ldi	r25, 0x86	; 134
    1a56:	86 2f       	mov	r24, r22
    1a58:	70 e0       	ldi	r23, 0x00	; 0

00001a5a <.L7^B1>:
    1a5a:	60 e0       	ldi	r22, 0x00	; 0
    1a5c:	2a f0       	brmi	.+10     	; 0x1a68 <.L_pack>

00001a5e <.L10^B1>:
    1a5e:	9a 95       	dec	r25
    1a60:	66 0f       	add	r22, r22
    1a62:	77 1f       	adc	r23, r23
    1a64:	88 1f       	adc	r24, r24

00001a66 <.L8^B1>:
    1a66:	da f7       	brpl	.-10     	; 0x1a5e <.L10^B1>

00001a68 <.L_pack>:
    1a68:	88 0f       	add	r24, r24
    1a6a:	96 95       	lsr	r25
    1a6c:	87 95       	ror	r24
    1a6e:	97 f9       	bld	r25, 7

00001a70 <.L9^B1>:
    1a70:	08 95       	ret

00001a72 <__fp_split3>:
    1a72:	57 fd       	sbrc	r21, 7
    1a74:	90 58       	subi	r25, 0x80	; 128
    1a76:	44 0f       	add	r20, r20
    1a78:	55 1f       	adc	r21, r21
    1a7a:	59 f0       	breq	.+22     	; 0x1a92 <.L4^B1>
    1a7c:	5f 3f       	cpi	r21, 0xFF	; 255
    1a7e:	71 f0       	breq	.+28     	; 0x1a9c <.L5^B1>

00001a80 <.L1^B1>:
    1a80:	47 95       	ror	r20

00001a82 <__fp_splitA>:
    1a82:	88 0f       	add	r24, r24
    1a84:	97 fb       	bst	r25, 7
    1a86:	99 1f       	adc	r25, r25
    1a88:	61 f0       	breq	.+24     	; 0x1aa2 <.L6^B1>
    1a8a:	9f 3f       	cpi	r25, 0xFF	; 255
    1a8c:	79 f0       	breq	.+30     	; 0x1aac <.L7^B1>

00001a8e <.L3^B1>:
    1a8e:	87 95       	ror	r24
    1a90:	08 95       	ret

00001a92 <.L4^B1>:
    1a92:	12 16       	cp	r1, r18
    1a94:	13 06       	cpc	r1, r19
    1a96:	14 06       	cpc	r1, r20
    1a98:	55 1f       	adc	r21, r21
    1a9a:	f2 cf       	rjmp	.-28     	; 0x1a80 <.L1^B1>

00001a9c <.L5^B1>:
    1a9c:	46 95       	lsr	r20
    1a9e:	f1 df       	rcall	.-30     	; 0x1a82 <__fp_splitA>
    1aa0:	08 c0       	rjmp	.+16     	; 0x1ab2 <.L8^B1>

00001aa2 <.L6^B1>:
    1aa2:	16 16       	cp	r1, r22
    1aa4:	17 06       	cpc	r1, r23
    1aa6:	18 06       	cpc	r1, r24
    1aa8:	99 1f       	adc	r25, r25
    1aaa:	f1 cf       	rjmp	.-30     	; 0x1a8e <.L3^B1>

00001aac <.L7^B1>:
    1aac:	86 95       	lsr	r24
    1aae:	71 05       	cpc	r23, r1
    1ab0:	61 05       	cpc	r22, r1

00001ab2 <.L8^B1>:
    1ab2:	08 94       	sec
    1ab4:	08 95       	ret

00001ab6 <__fp_zero>:
    1ab6:	e8 94       	clt

00001ab8 <__fp_szero>:
    1ab8:	bb 27       	eor	r27, r27
    1aba:	66 27       	eor	r22, r22
    1abc:	77 27       	eor	r23, r23
    1abe:	cb 01       	movw	r24, r22
    1ac0:	97 f9       	bld	r25, 7
    1ac2:	08 95       	ret

00001ac4 <__mulsf3>:
    1ac4:	0e 94 75 0d 	call	0x1aea	; 0x1aea <__mulsf3x>
    1ac8:	0c 94 e6 0d 	jmp	0x1bcc	; 0x1bcc <__fp_round>

00001acc <.L0^B1>:
    1acc:	0e 94 d8 0d 	call	0x1bb0	; 0x1bb0 <__fp_pscA>
    1ad0:	38 f0       	brcs	.+14     	; 0x1ae0 <.L1^B1>
    1ad2:	0e 94 df 0d 	call	0x1bbe	; 0x1bbe <__fp_pscB>
    1ad6:	20 f0       	brcs	.+8      	; 0x1ae0 <.L1^B1>
    1ad8:	95 23       	and	r25, r21
    1ada:	11 f0       	breq	.+4      	; 0x1ae0 <.L1^B1>
    1adc:	0c 94 cf 0d 	jmp	0x1b9e	; 0x1b9e <__fp_inf>

00001ae0 <.L1^B1>:
    1ae0:	0c 94 d5 0d 	jmp	0x1baa	; 0x1baa <__fp_nan>

00001ae4 <.L2^B1>:
    1ae4:	11 24       	eor	r1, r1
    1ae6:	0c 94 5c 0d 	jmp	0x1ab8	; 0x1ab8 <__fp_szero>

00001aea <__mulsf3x>:
    1aea:	0e 94 39 0d 	call	0x1a72	; 0x1a72 <__fp_split3>
    1aee:	70 f3       	brcs	.-36     	; 0x1acc <.L0^B1>

00001af0 <__mulsf3_pse>:
    1af0:	95 9f       	mul	r25, r21
    1af2:	c1 f3       	breq	.-16     	; 0x1ae4 <.L2^B1>
    1af4:	95 0f       	add	r25, r21
    1af6:	50 e0       	ldi	r21, 0x00	; 0
    1af8:	55 1f       	adc	r21, r21
    1afa:	62 9f       	mul	r22, r18
    1afc:	f0 01       	movw	r30, r0
    1afe:	72 9f       	mul	r23, r18
    1b00:	bb 27       	eor	r27, r27
    1b02:	f0 0d       	add	r31, r0
    1b04:	b1 1d       	adc	r27, r1
    1b06:	63 9f       	mul	r22, r19
    1b08:	aa 27       	eor	r26, r26
    1b0a:	f0 0d       	add	r31, r0
    1b0c:	b1 1d       	adc	r27, r1
    1b0e:	aa 1f       	adc	r26, r26
    1b10:	64 9f       	mul	r22, r20
    1b12:	66 27       	eor	r22, r22
    1b14:	b0 0d       	add	r27, r0
    1b16:	a1 1d       	adc	r26, r1
    1b18:	66 1f       	adc	r22, r22
    1b1a:	82 9f       	mul	r24, r18
    1b1c:	22 27       	eor	r18, r18
    1b1e:	b0 0d       	add	r27, r0
    1b20:	a1 1d       	adc	r26, r1
    1b22:	62 1f       	adc	r22, r18
    1b24:	73 9f       	mul	r23, r19
    1b26:	b0 0d       	add	r27, r0
    1b28:	a1 1d       	adc	r26, r1
    1b2a:	62 1f       	adc	r22, r18
    1b2c:	83 9f       	mul	r24, r19
    1b2e:	a0 0d       	add	r26, r0
    1b30:	61 1d       	adc	r22, r1
    1b32:	22 1f       	adc	r18, r18
    1b34:	74 9f       	mul	r23, r20
    1b36:	33 27       	eor	r19, r19
    1b38:	a0 0d       	add	r26, r0
    1b3a:	61 1d       	adc	r22, r1
    1b3c:	23 1f       	adc	r18, r19
    1b3e:	84 9f       	mul	r24, r20
    1b40:	60 0d       	add	r22, r0
    1b42:	21 1d       	adc	r18, r1
    1b44:	82 2f       	mov	r24, r18
    1b46:	76 2f       	mov	r23, r22
    1b48:	6a 2f       	mov	r22, r26
    1b4a:	11 24       	eor	r1, r1
    1b4c:	9f 57       	subi	r25, 0x7F	; 127
    1b4e:	50 40       	sbci	r21, 0x00	; 0
    1b50:	9a f0       	brmi	.+38     	; 0x1b78 <.L13^B1>
    1b52:	f1 f0       	breq	.+60     	; 0x1b90 <.L15^B1>

00001b54 <.L10^B1>:
    1b54:	88 23       	and	r24, r24
    1b56:	4a f0       	brmi	.+18     	; 0x1b6a <.L11^B1>
    1b58:	ee 0f       	add	r30, r30
    1b5a:	ff 1f       	adc	r31, r31
    1b5c:	bb 1f       	adc	r27, r27
    1b5e:	66 1f       	adc	r22, r22
    1b60:	77 1f       	adc	r23, r23
    1b62:	88 1f       	adc	r24, r24
    1b64:	91 50       	subi	r25, 0x01	; 1
    1b66:	50 40       	sbci	r21, 0x00	; 0
    1b68:	a9 f7       	brne	.-22     	; 0x1b54 <.L10^B1>

00001b6a <.L11^B1>:
    1b6a:	9e 3f       	cpi	r25, 0xFE	; 254
    1b6c:	51 05       	cpc	r21, r1
    1b6e:	80 f0       	brcs	.+32     	; 0x1b90 <.L15^B1>
    1b70:	0c 94 cf 0d 	jmp	0x1b9e	; 0x1b9e <__fp_inf>

00001b74 <.L12^B1>:
    1b74:	0c 94 5c 0d 	jmp	0x1ab8	; 0x1ab8 <__fp_szero>

00001b78 <.L13^B1>:
    1b78:	5f 3f       	cpi	r21, 0xFF	; 255
    1b7a:	e4 f3       	brlt	.-8      	; 0x1b74 <.L12^B1>
    1b7c:	98 3e       	cpi	r25, 0xE8	; 232
    1b7e:	d4 f3       	brlt	.-12     	; 0x1b74 <.L12^B1>

00001b80 <.L14^B1>:
    1b80:	86 95       	lsr	r24
    1b82:	77 95       	ror	r23
    1b84:	67 95       	ror	r22
    1b86:	b7 95       	ror	r27
    1b88:	f7 95       	ror	r31
    1b8a:	e7 95       	ror	r30
    1b8c:	9f 5f       	subi	r25, 0xFF	; 255
    1b8e:	c1 f7       	brne	.-16     	; 0x1b80 <.L14^B1>

00001b90 <.L15^B1>:
    1b90:	fe 2b       	or	r31, r30
    1b92:	88 0f       	add	r24, r24
    1b94:	91 1d       	adc	r25, r1
    1b96:	96 95       	lsr	r25
    1b98:	87 95       	ror	r24
    1b9a:	97 f9       	bld	r25, 7
    1b9c:	08 95       	ret

00001b9e <__fp_inf>:
    1b9e:	97 f9       	bld	r25, 7
    1ba0:	9f 67       	ori	r25, 0x7F	; 127
    1ba2:	80 e8       	ldi	r24, 0x80	; 128
    1ba4:	70 e0       	ldi	r23, 0x00	; 0
    1ba6:	60 e0       	ldi	r22, 0x00	; 0
    1ba8:	08 95       	ret

00001baa <__fp_nan>:
    1baa:	9f ef       	ldi	r25, 0xFF	; 255
    1bac:	80 ec       	ldi	r24, 0xC0	; 192
    1bae:	08 95       	ret

00001bb0 <__fp_pscA>:
    1bb0:	00 24       	eor	r0, r0
    1bb2:	0a 94       	dec	r0
    1bb4:	16 16       	cp	r1, r22
    1bb6:	17 06       	cpc	r1, r23
    1bb8:	18 06       	cpc	r1, r24
    1bba:	09 06       	cpc	r0, r25
    1bbc:	08 95       	ret

00001bbe <__fp_pscB>:
    1bbe:	00 24       	eor	r0, r0
    1bc0:	0a 94       	dec	r0
    1bc2:	12 16       	cp	r1, r18
    1bc4:	13 06       	cpc	r1, r19
    1bc6:	14 06       	cpc	r1, r20
    1bc8:	05 06       	cpc	r0, r21
    1bca:	08 95       	ret

00001bcc <__fp_round>:
    1bcc:	09 2e       	mov	r0, r25
    1bce:	03 94       	inc	r0
    1bd0:	00 0c       	add	r0, r0
    1bd2:	11 f4       	brne	.+4      	; 0x1bd8 <.L1^B1>
    1bd4:	88 23       	and	r24, r24
    1bd6:	52 f0       	brmi	.+20     	; 0x1bec <.L3^B1>

00001bd8 <.L1^B1>:
    1bd8:	bb 0f       	add	r27, r27
    1bda:	40 f4       	brcc	.+16     	; 0x1bec <.L3^B1>
    1bdc:	bf 2b       	or	r27, r31
    1bde:	11 f4       	brne	.+4      	; 0x1be4 <.L2^B1>
    1be0:	60 ff       	sbrs	r22, 0
    1be2:	04 c0       	rjmp	.+8      	; 0x1bec <.L3^B1>

00001be4 <.L2^B1>:
    1be4:	6f 5f       	subi	r22, 0xFF	; 255
    1be6:	7f 4f       	sbci	r23, 0xFF	; 255
    1be8:	8f 4f       	sbci	r24, 0xFF	; 255
    1bea:	9f 4f       	sbci	r25, 0xFF	; 255

00001bec <.L3^B1>:
    1bec:	08 95       	ret

00001bee <_exit>:
    1bee:	f8 94       	cli

00001bf0 <__stop_program>:
    1bf0:	ff cf       	rjmp	.-2      	; 0x1bf0 <__stop_program>

00001bf2 <L0^A>:
    1bf2:	e1 03       	fmuls	r22, r17
    1bf4:	d8 03       	fmulsu	r21, r16
    1bf6:	cf 03       	fmulsu	r20, r23
    1bf8:	c6 03       	fmuls	r20, r22
    1bfa:	bd 03       	fmulsu	r19, r21
    1bfc:	b2 03       	fmuls	r19, r18
    1bfe:	ea 03       	fmulsu	r22, r18

00001c00 <.L13>:
    1c00:	29 04       	cpc	r2, r9
    1c02:	1f 04       	cpc	r1, r15
    1c04:	15 04       	cpc	r1, r5
    1c06:	0b 04       	cpc	r0, r11
    1c08:	01 04       	cpc	r0, r1
    1c0a:	f5 03       	fmuls	r23, r21
    1c0c:	33 04       	cpc	r3, r3

00001c0e <.L26>:
    1c0e:	4d 04       	cpc	r4, r13
    1c10:	4f 04       	cpc	r4, r15
    1c12:	51 04       	cpc	r5, r1
    1c14:	53 04       	cpc	r5, r3
    1c16:	55 04       	cpc	r5, r5
    1c18:	4a 04       	cpc	r4, r10
    1c1a:	47 04       	cpc	r4, r7

00001c1c <.L37>:
    1c1c:	9a 04       	cpc	r9, r10
    1c1e:	91 04       	cpc	r9, r1
    1c20:	88 04       	cpc	r8, r8
    1c22:	7f 04       	cpc	r7, r15
    1c24:	76 04       	cpc	r7, r6
    1c26:	6b 04       	cpc	r6, r11
    1c28:	a3 04       	cpc	r10, r3

00001c2a <.L45>:
    1c2a:	e2 04       	cpc	r14, r2
    1c2c:	d8 04       	cpc	r13, r8
    1c2e:	ce 04       	cpc	r12, r14
    1c30:	c4 04       	cpc	r12, r4
    1c32:	ba 04       	cpc	r11, r10
    1c34:	ae 04       	cpc	r10, r14
    1c36:	ec 04       	cpc	r14, r12

00001c38 <.L57>:
    1c38:	06 05       	cpc	r16, r6
    1c3a:	08 05       	cpc	r16, r8
    1c3c:	0a 05       	cpc	r16, r10
    1c3e:	0c 05       	cpc	r16, r12
    1c40:	0e 05       	cpc	r16, r14
    1c42:	03 05       	cpc	r16, r3
    1c44:	00 05       	cpc	r16, r0

00001c46 <.L4>:
    1c46:	c2 05       	cpc	r28, r2
    1c48:	cf 05       	cpc	r28, r15
    1c4a:	dc 05       	cpc	r29, r12
    1c4c:	f3 05       	cpc	r31, r3
    1c4e:	e9 05       	cpc	r30, r9
    1c50:	00 06       	cpc	r0, r16
    1c52:	af 05       	cpc	r26, r15
    1c54:	b9 05       	cpc	r27, r9

00001c56 <.L48>:
    1c56:	eb 06       	cpc	r14, r27
    1c58:	ee 06       	cpc	r14, r30
    1c5a:	f1 06       	cpc	r15, r17
    1c5c:	f4 06       	cpc	r15, r20
    1c5e:	f7 06       	cpc	r15, r23
    1c60:	fa 06       	cpc	r15, r26
    1c62:	e8 06       	cpc	r14, r24
    1c64:	e5 06       	cpc	r14, r21

00001c66 <.L59>:
    1c66:	0c 07       	cpc	r16, r28
    1c68:	0f 07       	cpc	r16, r31
    1c6a:	12 07       	cpc	r17, r18
    1c6c:	15 07       	cpc	r17, r21
    1c6e:	18 07       	cpc	r17, r24
    1c70:	1b 07       	cpc	r17, r27
    1c72:	09 07       	cpc	r16, r25
    1c74:	06 07       	cpc	r16, r22

00001c76 <.L27>:
    1c76:	cc 08       	sbc	r12, r12
    1c78:	c6 08       	sbc	r12, r6
    1c7a:	c3 08       	sbc	r12, r3
    1c7c:	c0 08       	sbc	r12, r0
    1c7e:	b6 08       	sbc	r11, r6
    1c80:	48 07       	cpc	r20, r24
    1c82:	7b 08       	sbc	r7, r11
    1c84:	53 08       	sbc	r5, r3

00001c86 <.L5>:
    1c86:	43 08       	sbc	r4, r3
    1c88:	41 08       	sbc	r4, r1
    1c8a:	1b 08       	sbc	r1, r11
    1c8c:	f3 07       	cpc	r31, r19
    1c8e:	e5 07       	cpc	r30, r21
    1c90:	bc 07       	cpc	r27, r28
    1c92:	86 07       	cpc	r24, r22
    1c94:	51 08       	sbc	r5, r1
