
D:\HTI\NTI\EmbeddedTasks\ultrasonic sensor\scr\release\firmware.elf:     file format elf32-avr

Sections:
Idx Name          Size      VMA       LMA       File off  Algn
  0 .text         000012ba  00000000  00000000  00000094  2**1
                  CONTENTS, ALLOC, LOAD, READONLY, CODE
  1 .data         00000014  00800060  000012ba  0000134e  2**0
                  CONTENTS, ALLOC, LOAD, DATA
  2 .bss          00000022  00800074  00800074  00001362  2**0
                  ALLOC
  3 .comment      0000002f  00000000  00000000  00001362  2**0
                  CONTENTS, READONLY
  4 .note.gnu.avr.deviceinfo 0000003c  00000000  00000000  00001394  2**2
                  CONTENTS, READONLY, OCTETS
  5 .debug_info   000004e6  00000000  00000000  000013d0  2**0
                  CONTENTS, READONLY, DEBUGGING, OCTETS
  6 .debug_abbrev 000004a3  00000000  00000000  000018b6  2**0
                  CONTENTS, READONLY, DEBUGGING, OCTETS
  7 .debug_line   0000001d  00000000  00000000  00001d59  2**0
                  CONTENTS, READONLY, DEBUGGING, OCTETS
  8 .debug_str    00000196  00000000  00000000  00001d76  2**0
                  CONTENTS, READONLY, DEBUGGING, OCTETS

Disassembly of section .text:

00000000 <__vectors>:
       0:	0c 94 2a 00 	jmp	0x54	; 0x54 <__ctors_end>
       4:	0c 94 47 00 	jmp	0x8e	; 0x8e <__bad_interrupt>
       8:	0c 94 47 00 	jmp	0x8e	; 0x8e <__bad_interrupt>
       c:	0c 94 47 00 	jmp	0x8e	; 0x8e <__bad_interrupt>
      10:	0c 94 47 00 	jmp	0x8e	; 0x8e <__bad_interrupt>
      14:	0c 94 47 00 	jmp	0x8e	; 0x8e <__bad_interrupt>
      18:	0c 94 50 07 	jmp	0xea0	; 0xea0 <__vector_6>
      1c:	0c 94 79 07 	jmp	0xef2	; 0xef2 <__vector_7>
      20:	0c 94 a2 07 	jmp	0xf44	; 0xf44 <__vector_8>
      24:	0c 94 cb 07 	jmp	0xf96	; 0xf96 <__vector_9>
      28:	0c 94 47 00 	jmp	0x8e	; 0x8e <__bad_interrupt>
      2c:	0c 94 47 00 	jmp	0x8e	; 0x8e <__bad_interrupt>
      30:	0c 94 47 00 	jmp	0x8e	; 0x8e <__bad_interrupt>
      34:	0c 94 47 00 	jmp	0x8e	; 0x8e <__bad_interrupt>
      38:	0c 94 47 00 	jmp	0x8e	; 0x8e <__bad_interrupt>
      3c:	0c 94 47 00 	jmp	0x8e	; 0x8e <__bad_interrupt>
      40:	0c 94 47 00 	jmp	0x8e	; 0x8e <__bad_interrupt>
      44:	0c 94 47 00 	jmp	0x8e	; 0x8e <__bad_interrupt>
      48:	0c 94 47 00 	jmp	0x8e	; 0x8e <__bad_interrupt>
      4c:	0c 94 47 00 	jmp	0x8e	; 0x8e <__bad_interrupt>
      50:	0c 94 47 00 	jmp	0x8e	; 0x8e <__bad_interrupt>

00000054 <__ctors_end>:
      54:	11 24       	eor	r1, r1
      56:	1f be       	out	0x3f, r1	; 63
      58:	cf e5       	ldi	r28, 0x5F	; 95
      5a:	d8 e0       	ldi	r29, 0x08	; 8
      5c:	de bf       	out	0x3e, r29	; 62
      5e:	cd bf       	out	0x3d, r28	; 61

00000060 <__do_copy_data>:
      60:	10 e0       	ldi	r17, 0x00	; 0

00000062 <.Loc.1>:
      62:	a0 e6       	ldi	r26, 0x60	; 96

00000064 <.Loc.2>:
      64:	b0 e0       	ldi	r27, 0x00	; 0

00000066 <.Loc.3>:
      66:	ea eb       	ldi	r30, 0xBA	; 186

00000068 <.Loc.4>:
      68:	f2 e1       	ldi	r31, 0x12	; 18

0000006a <.Loc.5>:
      6a:	02 c0       	rjmp	.+4      	; 0x70 <.L__do_copy_data_start>

0000006c <.L__do_copy_data_loop>:
      6c:	05 90       	lpm	r0, Z+

0000006e <.Loc.7>:
      6e:	0d 92       	st	X+, r0

00000070 <.L__do_copy_data_start>:
      70:	a4 37       	cpi	r26, 0x74	; 116

00000072 <.Loc.9>:
      72:	b1 07       	cpc	r27, r17

00000074 <.Loc.10>:
      74:	d9 f7       	brne	.-10     	; 0x6c <.L__do_copy_data_loop>

00000076 <__do_clear_bss>:
      76:	20 e0       	ldi	r18, 0x00	; 0

00000078 <.Loc.1>:
      78:	a4 e7       	ldi	r26, 0x74	; 116

0000007a <.Loc.2>:
      7a:	b0 e0       	ldi	r27, 0x00	; 0

0000007c <.Loc.3>:
      7c:	01 c0       	rjmp	.+2      	; 0x80 <.Loc.5>

0000007e <.Loc.4>:
      7e:	1d 92       	st	X+, r1

00000080 <.Loc.5>:
      80:	a6 39       	cpi	r26, 0x96	; 150

00000082 <.Loc.6>:
      82:	b2 07       	cpc	r27, r18

00000084 <.Loc.7>:
      84:	e1 f7       	brne	.-8      	; 0x7e <.Loc.4>

00000086 <L0^A>:
      86:	0e 94 f4 07 	call	0xfe8	; 0xfe8 <main>
      8a:	0c 94 4b 09 	jmp	0x1296	; 0x1296 <_exit>

0000008e <__bad_interrupt>:
      8e:	0c 94 00 00 	jmp	0	; 0x0 <__vectors>

00000092 <LCD_WriteData.part.0>:
      92:	cf 93       	push	r28
      94:	df 93       	push	r29
      96:	0f 92       	push	r0
      98:	cd b7       	in	r28, 0x3d	; 61
      9a:	de b7       	in	r29, 0x3e	; 62
      9c:	89 83       	std	Y+1, r24	; 0x01
      9e:	41 e0       	ldi	r20, 0x01	; 1
      a0:	60 e0       	ldi	r22, 0x00	; 0
      a2:	80 e0       	ldi	r24, 0x00	; 0
      a4:	0e 94 2d 03 	call	0x65a	; 0x65a <DIO_WritePin>
      a8:	40 e0       	ldi	r20, 0x00	; 0
      aa:	61 e0       	ldi	r22, 0x01	; 1
      ac:	80 e0       	ldi	r24, 0x00	; 0
      ae:	0e 94 2d 03 	call	0x65a	; 0x65a <DIO_WritePin>
      b2:	69 81       	ldd	r22, Y+1	; 0x01
      b4:	82 e0       	ldi	r24, 0x02	; 2
      b6:	0e 94 6b 03 	call	0x6d6	; 0x6d6 <DIO_WriteGroup>
      ba:	41 e0       	ldi	r20, 0x01	; 1
      bc:	62 e0       	ldi	r22, 0x02	; 2
      be:	80 e0       	ldi	r24, 0x00	; 0
      c0:	0e 94 2d 03 	call	0x65a	; 0x65a <DIO_WritePin>
      c4:	8f ec       	ldi	r24, 0xCF	; 207
      c6:	97 e0       	ldi	r25, 0x07	; 7

000000c8 <.L1^B1>:
      c8:	01 97       	sbiw	r24, 0x01	; 1
      ca:	f1 f7       	brne	.-4      	; 0xc8 <.L1^B1>
      cc:	00 c0       	rjmp	.+0      	; 0xce <L0^A>

000000ce <L0^A>:
      ce:	00 00       	nop
      d0:	40 e0       	ldi	r20, 0x00	; 0
      d2:	62 e0       	ldi	r22, 0x02	; 2
      d4:	80 e0       	ldi	r24, 0x00	; 0
      d6:	0f 90       	pop	r0
      d8:	df 91       	pop	r29
      da:	cf 91       	pop	r28
      dc:	0c 94 2d 03 	jmp	0x65a	; 0x65a <DIO_WritePin>

000000e0 <LCD_WriteInstruction.part.0>:
      e0:	cf 93       	push	r28
      e2:	df 93       	push	r29
      e4:	0f 92       	push	r0
      e6:	cd b7       	in	r28, 0x3d	; 61
      e8:	de b7       	in	r29, 0x3e	; 62
      ea:	89 83       	std	Y+1, r24	; 0x01
      ec:	40 e0       	ldi	r20, 0x00	; 0
      ee:	60 e0       	ldi	r22, 0x00	; 0
      f0:	80 e0       	ldi	r24, 0x00	; 0
      f2:	0e 94 2d 03 	call	0x65a	; 0x65a <DIO_WritePin>
      f6:	40 e0       	ldi	r20, 0x00	; 0
      f8:	61 e0       	ldi	r22, 0x01	; 1
      fa:	80 e0       	ldi	r24, 0x00	; 0
      fc:	0e 94 2d 03 	call	0x65a	; 0x65a <DIO_WritePin>
     100:	69 81       	ldd	r22, Y+1	; 0x01
     102:	82 e0       	ldi	r24, 0x02	; 2
     104:	0e 94 6b 03 	call	0x6d6	; 0x6d6 <DIO_WriteGroup>
     108:	41 e0       	ldi	r20, 0x01	; 1
     10a:	62 e0       	ldi	r22, 0x02	; 2
     10c:	80 e0       	ldi	r24, 0x00	; 0
     10e:	0e 94 2d 03 	call	0x65a	; 0x65a <DIO_WritePin>
     112:	8f ec       	ldi	r24, 0xCF	; 207
     114:	97 e0       	ldi	r25, 0x07	; 7

00000116 <.L1^B2>:
     116:	01 97       	sbiw	r24, 0x01	; 1
     118:	f1 f7       	brne	.-4      	; 0x116 <.L1^B2>
     11a:	00 c0       	rjmp	.+0      	; 0x11c <L0^A>

0000011c <L0^A>:
     11c:	00 00       	nop
     11e:	40 e0       	ldi	r20, 0x00	; 0
     120:	62 e0       	ldi	r22, 0x02	; 2
     122:	80 e0       	ldi	r24, 0x00	; 0
     124:	0f 90       	pop	r0
     126:	df 91       	pop	r29
     128:	cf 91       	pop	r28
     12a:	0c 94 2d 03 	jmp	0x65a	; 0x65a <DIO_WritePin>

0000012e <LCD_WriteData>:
     12e:	61 30       	cpi	r22, 0x01	; 1
     130:	09 f0       	breq	.+2      	; 0x134 <.L6>
     132:	08 95       	ret

00000134 <.L6>:
     134:	0c 94 49 00 	jmp	0x92	; 0x92 <LCD_WriteData.part.0>

00000138 <LCD_WriteInstruction>:
     138:	61 30       	cpi	r22, 0x01	; 1
     13a:	09 f0       	breq	.+2      	; 0x13e <.L9>
     13c:	08 95       	ret

0000013e <.L9>:
     13e:	0c 94 70 00 	jmp	0xe0	; 0xe0 <LCD_WriteInstruction.part.0>

00000142 <LCD_Init>:
     142:	81 30       	cpi	r24, 0x01	; 1
     144:	09 f0       	breq	.+2      	; 0x148 <.L12>
     146:	08 95       	ret

00000148 <.L12>:
     148:	41 e0       	ldi	r20, 0x01	; 1
     14a:	60 e0       	ldi	r22, 0x00	; 0
     14c:	80 e0       	ldi	r24, 0x00	; 0
     14e:	0e 94 df 02 	call	0x5be	; 0x5be <DIO_InitPin>
     152:	41 e0       	ldi	r20, 0x01	; 1
     154:	61 e0       	ldi	r22, 0x01	; 1
     156:	80 e0       	ldi	r24, 0x00	; 0
     158:	0e 94 df 02 	call	0x5be	; 0x5be <DIO_InitPin>
     15c:	41 e0       	ldi	r20, 0x01	; 1
     15e:	62 e0       	ldi	r22, 0x02	; 2
     160:	80 e0       	ldi	r24, 0x00	; 0
     162:	0e 94 df 02 	call	0x5be	; 0x5be <DIO_InitPin>
     166:	6f ef       	ldi	r22, 0xFF	; 255
     168:	82 e0       	ldi	r24, 0x02	; 2
     16a:	0e 94 1d 03 	call	0x63a	; 0x63a <DIO_InitGroup>
     16e:	2f eb       	ldi	r18, 0xBF	; 191
     170:	8a ed       	ldi	r24, 0xDA	; 218
     172:	90 e0       	ldi	r25, 0x00	; 0

00000174 <.L1^B3>:
     174:	21 50       	subi	r18, 0x01	; 1
     176:	80 40       	sbci	r24, 0x00	; 0
     178:	90 40       	sbci	r25, 0x00	; 0
     17a:	e1 f7       	brne	.-8      	; 0x174 <.L1^B3>
     17c:	00 c0       	rjmp	.+0      	; 0x17e <L0^A>

0000017e <L0^A>:
     17e:	00 00       	nop
     180:	88 e3       	ldi	r24, 0x38	; 56
     182:	0e 94 70 00 	call	0xe0	; 0xe0 <LCD_WriteInstruction.part.0>
     186:	8f ec       	ldi	r24, 0xCF	; 207
     188:	97 e0       	ldi	r25, 0x07	; 7

0000018a <.L1^B4>:
     18a:	01 97       	sbiw	r24, 0x01	; 1
     18c:	f1 f7       	brne	.-4      	; 0x18a <.L1^B4>
     18e:	00 c0       	rjmp	.+0      	; 0x190 <L0^A>

00000190 <L0^A>:
     190:	00 00       	nop
     192:	8e e0       	ldi	r24, 0x0E	; 14
     194:	0e 94 70 00 	call	0xe0	; 0xe0 <LCD_WriteInstruction.part.0>
     198:	8f ec       	ldi	r24, 0xCF	; 207
     19a:	97 e0       	ldi	r25, 0x07	; 7

0000019c <.L1^B5>:
     19c:	01 97       	sbiw	r24, 0x01	; 1
     19e:	f1 f7       	brne	.-4      	; 0x19c <.L1^B5>
     1a0:	00 c0       	rjmp	.+0      	; 0x1a2 <L0^A>

000001a2 <L0^A>:
     1a2:	00 00       	nop
     1a4:	81 e0       	ldi	r24, 0x01	; 1
     1a6:	0e 94 70 00 	call	0xe0	; 0xe0 <LCD_WriteInstruction.part.0>
     1aa:	8f e9       	ldi	r24, 0x9F	; 159
     1ac:	9f e0       	ldi	r25, 0x0F	; 15

000001ae <.L1^B6>:
     1ae:	01 97       	sbiw	r24, 0x01	; 1
     1b0:	f1 f7       	brne	.-4      	; 0x1ae <.L1^B6>
     1b2:	00 c0       	rjmp	.+0      	; 0x1b4 <L0^A>

000001b4 <L0^A>:
     1b4:	00 00       	nop
     1b6:	86 e0       	ldi	r24, 0x06	; 6
     1b8:	0e 94 70 00 	call	0xe0	; 0xe0 <LCD_WriteInstruction.part.0>
     1bc:	8f ec       	ldi	r24, 0xCF	; 207
     1be:	97 e0       	ldi	r25, 0x07	; 7

000001c0 <.L1^B7>:
     1c0:	01 97       	sbiw	r24, 0x01	; 1
     1c2:	f1 f7       	brne	.-4      	; 0x1c0 <.L1^B7>
     1c4:	00 c0       	rjmp	.+0      	; 0x1c6 <L0^A>

000001c6 <L0^A>:
     1c6:	00 00       	nop
     1c8:	08 95       	ret

000001ca <LCD_WriteString>:
     1ca:	0f 93       	push	r16
     1cc:	1f 93       	push	r17
     1ce:	cf 93       	push	r28
     1d0:	8c 01       	movw	r16, r24
     1d2:	00 97       	sbiw	r24, 0x00	; 0
     1d4:	71 f0       	breq	.+28     	; 0x1f2 <.L13>
     1d6:	fc 01       	movw	r30, r24
     1d8:	80 81       	ld	r24, Z
     1da:	81 15       	cp	r24, r1
     1dc:	51 f0       	breq	.+20     	; 0x1f2 <.L13>
     1de:	c0 e0       	ldi	r28, 0x00	; 0

000001e0 <.L17>:
     1e0:	61 30       	cpi	r22, 0x01	; 1
     1e2:	59 f0       	breq	.+22     	; 0x1fa <.L16>
     1e4:	cf 5f       	subi	r28, 0xFF	; 255
     1e6:	f8 01       	movw	r30, r16
     1e8:	ec 0f       	add	r30, r28
     1ea:	f1 1d       	adc	r31, r1
     1ec:	80 81       	ld	r24, Z
     1ee:	81 11       	cpse	r24, r1
     1f0:	f7 cf       	rjmp	.-18     	; 0x1e0 <.L17>

000001f2 <.L13>:
     1f2:	cf 91       	pop	r28
     1f4:	1f 91       	pop	r17
     1f6:	0f 91       	pop	r16
     1f8:	08 95       	ret

000001fa <.L16>:
     1fa:	0e 94 49 00 	call	0x92	; 0x92 <LCD_WriteData.part.0>
     1fe:	cf 5f       	subi	r28, 0xFF	; 255
     200:	f8 01       	movw	r30, r16
     202:	ec 0f       	add	r30, r28
     204:	f1 1d       	adc	r31, r1
     206:	80 81       	ld	r24, Z
     208:	81 11       	cpse	r24, r1
     20a:	f7 cf       	rjmp	.-18     	; 0x1fa <.L16>
     20c:	f2 cf       	rjmp	.-28     	; 0x1f2 <.L13>

0000020e <LCD_GotoXY>:
     20e:	81 30       	cpi	r24, 0x01	; 1
     210:	48 f0       	brcs	.+18     	; 0x224 <.L27>
     212:	29 f4       	brne	.+10     	; 0x21e <.L30>
     214:	80 e4       	ldi	r24, 0x40	; 64
     216:	86 0f       	add	r24, r22
     218:	80 68       	ori	r24, 0x80	; 128
     21a:	0c 94 70 00 	jmp	0xe0	; 0xe0 <LCD_WriteInstruction.part.0>

0000021e <.L30>:
     21e:	80 e8       	ldi	r24, 0x80	; 128
     220:	0c 94 70 00 	jmp	0xe0	; 0xe0 <LCD_WriteInstruction.part.0>

00000224 <.L27>:
     224:	86 2f       	mov	r24, r22
     226:	80 68       	ori	r24, 0x80	; 128
     228:	0c 94 70 00 	jmp	0xe0	; 0xe0 <LCD_WriteInstruction.part.0>

0000022c <LCD_Number>:
     22c:	4f 92       	push	r4
     22e:	5f 92       	push	r5
     230:	6f 92       	push	r6
     232:	7f 92       	push	r7
     234:	8f 92       	push	r8
     236:	9f 92       	push	r9
     238:	af 92       	push	r10
     23a:	bf 92       	push	r11
     23c:	cf 92       	push	r12
     23e:	df 92       	push	r13
     240:	ef 92       	push	r14
     242:	ff 92       	push	r15
     244:	cf 93       	push	r28
     246:	6b 01       	movw	r12, r22
     248:	7c 01       	movw	r14, r24
     24a:	c4 2f       	mov	r28, r20
     24c:	c1 14       	cp	r12, r1
     24e:	d1 04       	cpc	r13, r1
     250:	e1 04       	cpc	r14, r1
     252:	f1 04       	cpc	r15, r1
     254:	09 f4       	brne	.+2      	; 0x258 <L0^A+0x2>

00000256 <L0^A>:
     256:	59 c0       	rjmp	.+178    	; 0x30a <.L45>
     258:	5c f4       	brge	.+22     	; 0x270 <.L33>
     25a:	8d e2       	ldi	r24, 0x2D	; 45
     25c:	0e 94 49 00 	call	0x92	; 0x92 <LCD_WriteData.part.0>
     260:	f0 94       	com	r15
     262:	e0 94       	com	r14
     264:	d0 94       	com	r13
     266:	c0 94       	com	r12
     268:	c1 1c       	adc	r12, r1
     26a:	d1 1c       	adc	r13, r1
     26c:	e1 1c       	adc	r14, r1
     26e:	f1 1c       	adc	r15, r1

00000270 <.L33>:
     270:	80 e0       	ldi	r24, 0x00	; 0
     272:	90 e0       	ldi	r25, 0x00	; 0
     274:	bc 01       	movw	r22, r24
     276:	3b 01       	movw	r6, r22
     278:	ea e0       	ldi	r30, 0x0A	; 10
     27a:	4e 2e       	mov	r4, r30
     27c:	51 2c       	mov	r5, r1

0000027e <.L34>:
     27e:	4b 01       	movw	r8, r22
     280:	5c 01       	movw	r10, r24
     282:	88 0c       	add	r8, r8
     284:	99 1c       	adc	r9, r9
     286:	aa 1c       	adc	r10, r10
     288:	bb 1c       	adc	r11, r11
     28a:	88 0c       	add	r8, r8
     28c:	99 1c       	adc	r9, r9
     28e:	aa 1c       	adc	r10, r10
     290:	bb 1c       	adc	r11, r11
     292:	86 0e       	add	r8, r22
     294:	97 1e       	adc	r9, r23
     296:	a8 1e       	adc	r10, r24
     298:	b9 1e       	adc	r11, r25
     29a:	88 0c       	add	r8, r8
     29c:	99 1c       	adc	r9, r9
     29e:	aa 1c       	adc	r10, r10
     2a0:	bb 1c       	adc	r11, r11
     2a2:	b6 01       	movw	r22, r12
     2a4:	c7 01       	movw	r24, r14
     2a6:	92 01       	movw	r18, r4
     2a8:	a3 01       	movw	r20, r6
     2aa:	0e 94 54 08 	call	0x10a8	; 0x10a8 <__divmodsi4>
     2ae:	68 0d       	add	r22, r8
     2b0:	79 1d       	adc	r23, r9
     2b2:	8a 1d       	adc	r24, r10
     2b4:	9b 1d       	adc	r25, r11
     2b6:	69 01       	movw	r12, r18
     2b8:	7a 01       	movw	r14, r20
     2ba:	c1 14       	cp	r12, r1
     2bc:	d1 04       	cpc	r13, r1
     2be:	e1 04       	cpc	r14, r1
     2c0:	f1 04       	cpc	r15, r1
     2c2:	e9 f6       	brne	.-70     	; 0x27e <.L34>
     2c4:	00 97       	sbiw	r24, 0x00	; 0
     2c6:	70 40       	sbci	r23, 0x00	; 0
     2c8:	60 40       	sbci	r22, 0x00	; 0
     2ca:	89 f0       	breq	.+34     	; 0x2ee <.L31>
     2cc:	3a e0       	ldi	r19, 0x0A	; 10
     2ce:	c3 2e       	mov	r12, r19
     2d0:	d1 2c       	mov	r13, r1
     2d2:	e1 2c       	mov	r14, r1
     2d4:	f1 2c       	mov	r15, r1

000002d6 <.L38>:
     2d6:	c1 30       	cpi	r28, 0x01	; 1
     2d8:	41 f1       	breq	.+80     	; 0x32a <.L46>
     2da:	96 01       	movw	r18, r12
     2dc:	a7 01       	movw	r20, r14
     2de:	0e 94 54 08 	call	0x10a8	; 0x10a8 <__divmodsi4>
     2e2:	b9 01       	movw	r22, r18
     2e4:	ca 01       	movw	r24, r20
     2e6:	00 97       	sbiw	r24, 0x00	; 0
     2e8:	70 40       	sbci	r23, 0x00	; 0
     2ea:	60 40       	sbci	r22, 0x00	; 0
     2ec:	a1 f7       	brne	.-24     	; 0x2d6 <.L38>

000002ee <.L31>:
     2ee:	cf 91       	pop	r28
     2f0:	ff 90       	pop	r15
     2f2:	ef 90       	pop	r14
     2f4:	df 90       	pop	r13
     2f6:	cf 90       	pop	r12
     2f8:	bf 90       	pop	r11
     2fa:	af 90       	pop	r10
     2fc:	9f 90       	pop	r9
     2fe:	8f 90       	pop	r8
     300:	7f 90       	pop	r7
     302:	6f 90       	pop	r6
     304:	5f 90       	pop	r5
     306:	4f 90       	pop	r4
     308:	08 95       	ret

0000030a <.L45>:
     30a:	80 e3       	ldi	r24, 0x30	; 48
     30c:	cf 91       	pop	r28
     30e:	ff 90       	pop	r15
     310:	ef 90       	pop	r14
     312:	df 90       	pop	r13
     314:	cf 90       	pop	r12
     316:	bf 90       	pop	r11
     318:	af 90       	pop	r10
     31a:	9f 90       	pop	r9
     31c:	8f 90       	pop	r8
     31e:	7f 90       	pop	r7
     320:	6f 90       	pop	r6
     322:	5f 90       	pop	r5
     324:	4f 90       	pop	r4
     326:	0c 94 49 00 	jmp	0x92	; 0x92 <LCD_WriteData.part.0>

0000032a <.L46>:
     32a:	2a e0       	ldi	r18, 0x0A	; 10
     32c:	82 2e       	mov	r8, r18
     32e:	91 2c       	mov	r9, r1
     330:	a1 2c       	mov	r10, r1
     332:	b1 2c       	mov	r11, r1

00000334 <.L37>:
     334:	94 01       	movw	r18, r8
     336:	a5 01       	movw	r20, r10
     338:	0e 94 54 08 	call	0x10a8	; 0x10a8 <__divmodsi4>
     33c:	d2 2e       	mov	r13, r18
     33e:	e3 2e       	mov	r14, r19
     340:	f4 2e       	mov	r15, r20
     342:	c5 2f       	mov	r28, r21
     344:	80 e3       	ldi	r24, 0x30	; 48
     346:	86 0f       	add	r24, r22
     348:	0e 94 49 00 	call	0x92	; 0x92 <LCD_WriteData.part.0>
     34c:	6d 2d       	mov	r22, r13
     34e:	7e 2d       	mov	r23, r14
     350:	8f 2d       	mov	r24, r15
     352:	9c 2f       	mov	r25, r28
     354:	00 97       	sbiw	r24, 0x00	; 0
     356:	70 40       	sbci	r23, 0x00	; 0
     358:	60 40       	sbci	r22, 0x00	; 0
     35a:	61 f7       	brne	.-40     	; 0x334 <.L37>
     35c:	c8 cf       	rjmp	.-112    	; 0x2ee <.L31>

0000035e <ULTS_ISR>:
     35e:	80 91 7a 00 	lds	r24, 0x007A	; 0x80007a <timerOverflow>
     362:	90 91 7b 00 	lds	r25, 0x007B	; 0x80007b <timerOverflow+0x1>
     366:	a0 91 7c 00 	lds	r26, 0x007C	; 0x80007c <timerOverflow+0x2>
     36a:	b0 91 7d 00 	lds	r27, 0x007D	; 0x80007d <timerOverflow+0x3>
     36e:	01 96       	adiw	r24, 0x01	; 1
     370:	a1 1d       	adc	r26, r1
     372:	b1 1d       	adc	r27, r1
     374:	80 93 7a 00 	sts	0x007A, r24	; 0x80007a <timerOverflow>
     378:	90 93 7b 00 	sts	0x007B, r25	; 0x80007b <timerOverflow+0x1>
     37c:	a0 93 7c 00 	sts	0x007C, r26	; 0x80007c <timerOverflow+0x2>
     380:	b0 93 7d 00 	sts	0x007D, r27	; 0x80007d <timerOverflow+0x3>
     384:	08 95       	ret

00000386 <timer1_captureFlag>:
     386:	86 b5       	in	r24, 0x26	; 38
     388:	27 b5       	in	r18, 0x27	; 39
     38a:	92 2f       	mov	r25, r18
     38c:	20 91 74 00 	lds	r18, 0x0074	; 0x800074 <state>
     390:	21 11       	cpse	r18, r1
     392:	13 c0       	rjmp	.+38     	; 0x3ba <.L4>
     394:	90 93 79 00 	sts	0x0079, r25	; 0x800079 <capturedRisingEdge+0x1>
     398:	80 93 78 00 	sts	0x0078, r24	; 0x800078 <capturedRisingEdge>
     39c:	10 92 7a 00 	sts	0x007A, r1	; 0x80007a <timerOverflow>
     3a0:	10 92 7b 00 	sts	0x007B, r1	; 0x80007b <timerOverflow+0x1>
     3a4:	10 92 7c 00 	sts	0x007C, r1	; 0x80007c <timerOverflow+0x2>
     3a8:	10 92 7d 00 	sts	0x007D, r1	; 0x80007d <timerOverflow+0x3>
     3ac:	81 e0       	ldi	r24, 0x01	; 1
     3ae:	80 93 74 00 	sts	0x0074, r24	; 0x800074 <state>
     3b2:	8e b5       	in	r24, 0x2e	; 46
     3b4:	8f 7b       	andi	r24, 0xBF	; 191
     3b6:	8e bd       	out	0x2e, r24	; 46
     3b8:	08 95       	ret

000003ba <.L4>:
     3ba:	90 93 77 00 	sts	0x0077, r25	; 0x800077 <capturedFallingEdge+0x1>
     3be:	80 93 76 00 	sts	0x0076, r24	; 0x800076 <capturedFallingEdge>
     3c2:	10 92 75 00 	sts	0x0075, r1	; 0x800075 <measuring>
     3c6:	8e b5       	in	r24, 0x2e	; 46
     3c8:	80 64       	ori	r24, 0x40	; 64
     3ca:	8e bd       	out	0x2e, r24	; 46
     3cc:	89 b7       	in	r24, 0x39	; 57
     3ce:	8f 7d       	andi	r24, 0xDF	; 223
     3d0:	89 bf       	out	0x39, r24	; 57
     3d2:	08 95       	ret

000003d4 <ULTS_Init>:
     3d4:	ef 92       	push	r14
     3d6:	ff 92       	push	r15
     3d8:	0f 93       	push	r16
     3da:	1f 93       	push	r17
     3dc:	cf 93       	push	r28
     3de:	df 93       	push	r29
     3e0:	cd b7       	in	r28, 0x3d	; 61
     3e2:	de b7       	in	r29, 0x3e	; 62
     3e4:	2c 97       	sbiw	r28, 0x0c	; 12
     3e6:	0f b6       	in	r0, 0x3f	; 63
     3e8:	f8 94       	cli
     3ea:	de bf       	out	0x3e, r29	; 62
     3ec:	0f be       	out	0x3f, r0	; 63
     3ee:	cd bf       	out	0x3d, r28	; 61
     3f0:	fe 01       	movw	r30, r28
     3f2:	31 96       	adiw	r30, 0x01	; 1
     3f4:	8c e0       	ldi	r24, 0x0C	; 12
     3f6:	df 01       	movw	r26, r30

000003f8 <.L0^B1>:
     3f8:	1d 92       	st	X+, r1
     3fa:	8a 95       	dec	r24
     3fc:	e9 f7       	brne	.-6      	; 0x3f8 <.L0^B1>
     3fe:	e9 80       	ldd	r14, Y+1	; 0x01
     400:	ff 24       	eor	r15, r15
     402:	f3 94       	inc	r15
     404:	01 e0       	ldi	r16, 0x01	; 1
     406:	11 e0       	ldi	r17, 0x01	; 1
     408:	21 e0       	ldi	r18, 0x01	; 1
     40a:	3e 81       	ldd	r19, Y+6	; 0x06
     40c:	4f 81       	ldd	r20, Y+7	; 0x07
     40e:	58 85       	ldd	r21, Y+8	; 0x08
     410:	69 85       	ldd	r22, Y+9	; 0x09
     412:	7a 85       	ldd	r23, Y+10	; 0x0a
     414:	8b 85       	ldd	r24, Y+11	; 0x0b
     416:	9c 85       	ldd	r25, Y+12	; 0x0c
     418:	0e 94 5e 04 	call	0x8bc	; 0x8bc <TIMER1_Init>
     41c:	80 e0       	ldi	r24, 0x00	; 0
     41e:	90 e0       	ldi	r25, 0x00	; 0
     420:	0e 94 8f 06 	call	0xd1e	; 0xd1e <TIMER1_set_preloadValue>
     424:	82 e0       	ldi	r24, 0x02	; 2
     426:	0e 94 84 06 	call	0xd08	; 0xd08 <TIMER1_Start>
     42a:	6f ea       	ldi	r22, 0xAF	; 175
     42c:	71 e0       	ldi	r23, 0x01	; 1
     42e:	83 e0       	ldi	r24, 0x03	; 3
     430:	0e 94 28 07 	call	0xe50	; 0xe50 <TIMER1_SETcallBackFunction>
     434:	63 ec       	ldi	r22, 0xC3	; 195
     436:	71 e0       	ldi	r23, 0x01	; 1
     438:	83 e0       	ldi	r24, 0x03	; 3
     43a:	0e 94 28 07 	call	0xe50	; 0xe50 <TIMER1_SETcallBackFunction>
     43e:	41 e0       	ldi	r20, 0x01	; 1
     440:	65 e0       	ldi	r22, 0x05	; 5
     442:	83 e0       	ldi	r24, 0x03	; 3
     444:	0e 94 df 02 	call	0x5be	; 0x5be <DIO_InitPin>
     448:	40 e0       	ldi	r20, 0x00	; 0
     44a:	66 e0       	ldi	r22, 0x06	; 6
     44c:	83 e0       	ldi	r24, 0x03	; 3
     44e:	0e 94 df 02 	call	0x5be	; 0x5be <DIO_InitPin>
     452:	2c 96       	adiw	r28, 0x0c	; 12
     454:	0f b6       	in	r0, 0x3f	; 63
     456:	f8 94       	cli
     458:	de bf       	out	0x3e, r29	; 62
     45a:	0f be       	out	0x3f, r0	; 63
     45c:	cd bf       	out	0x3d, r28	; 61
     45e:	df 91       	pop	r29
     460:	cf 91       	pop	r28
     462:	1f 91       	pop	r17
     464:	0f 91       	pop	r16
     466:	ff 90       	pop	r15
     468:	ef 90       	pop	r14
     46a:	0c 94 56 04 	jmp	0x8ac	; 0x8ac <GIE_Enable>

0000046e <ULTS_Start>:
     46e:	0f 93       	push	r16
     470:	1f 93       	push	r17
     472:	10 92 7a 00 	sts	0x007A, r1	; 0x80007a <timerOverflow>
     476:	10 92 7b 00 	sts	0x007B, r1	; 0x80007b <timerOverflow+0x1>
     47a:	10 92 7c 00 	sts	0x007C, r1	; 0x80007c <timerOverflow+0x2>
     47e:	10 92 7d 00 	sts	0x007D, r1	; 0x80007d <timerOverflow+0x3>
     482:	10 92 79 00 	sts	0x0079, r1	; 0x800079 <capturedRisingEdge+0x1>
     486:	10 92 78 00 	sts	0x0078, r1	; 0x800078 <capturedRisingEdge>
     48a:	10 92 77 00 	sts	0x0077, r1	; 0x800077 <capturedFallingEdge+0x1>
     48e:	10 92 76 00 	sts	0x0076, r1	; 0x800076 <capturedFallingEdge>
     492:	81 e0       	ldi	r24, 0x01	; 1
     494:	80 93 75 00 	sts	0x0075, r24	; 0x800075 <measuring>
     498:	10 92 74 00 	sts	0x0074, r1	; 0x800074 <state>
     49c:	89 b7       	in	r24, 0x39	; 57
     49e:	80 62       	ori	r24, 0x20	; 32
     4a0:	89 bf       	out	0x39, r24	; 57
     4a2:	41 e0       	ldi	r20, 0x01	; 1
     4a4:	65 e0       	ldi	r22, 0x05	; 5
     4a6:	83 e0       	ldi	r24, 0x03	; 3
     4a8:	0e 94 2d 03 	call	0x65a	; 0x65a <DIO_WritePin>
     4ac:	8f e1       	ldi	r24, 0x1F	; 31
     4ae:	9e e4       	ldi	r25, 0x4E	; 78

000004b0 <.L1^B1>:
     4b0:	01 97       	sbiw	r24, 0x01	; 1
     4b2:	f1 f7       	brne	.-4      	; 0x4b0 <.L1^B1>
     4b4:	00 c0       	rjmp	.+0      	; 0x4b6 <L0^A>

000004b6 <L0^A>:
     4b6:	00 00       	nop
     4b8:	40 e0       	ldi	r20, 0x00	; 0
     4ba:	65 e0       	ldi	r22, 0x05	; 5
     4bc:	83 e0       	ldi	r24, 0x03	; 3
     4be:	0e 94 2d 03 	call	0x65a	; 0x65a <DIO_WritePin>
     4c2:	80 91 75 00 	lds	r24, 0x0075	; 0x800075 <measuring>
     4c6:	81 15       	cp	r24, r1
     4c8:	09 f4       	brne	.+2      	; 0x4cc <L0^A+0x2>

000004ca <L0^A>:
     4ca:	75 c0       	rjmp	.+234    	; 0x5b6 <.L13>
     4cc:	a0 e0       	ldi	r26, 0x00	; 0
     4ce:	b0 e0       	ldi	r27, 0x00	; 0
     4d0:	cd 01       	movw	r24, r26
     4d2:	06 c0       	rjmp	.+12     	; 0x4e0 <.L9>

000004d4 <.L20>:
     4d4:	88 3a       	cpi	r24, 0xA8	; 168
     4d6:	21 e6       	ldi	r18, 0x61	; 97
     4d8:	92 07       	cpc	r25, r18
     4da:	a1 05       	cpc	r26, r1
     4dc:	b1 05       	cpc	r27, r1
     4de:	59 f0       	breq	.+22     	; 0x4f6 <.L8>

000004e0 <.L9>:
     4e0:	01 96       	adiw	r24, 0x01	; 1
     4e2:	a1 1d       	adc	r26, r1
     4e4:	b1 1d       	adc	r27, r1
     4e6:	e2 e0       	ldi	r30, 0x02	; 2

000004e8 <.L1^B2>:
     4e8:	ea 95       	dec	r30
     4ea:	f1 f7       	brne	.-4      	; 0x4e8 <.L1^B2>
     4ec:	00 c0       	rjmp	.+0      	; 0x4ee <L0^A>

000004ee <L0^A>:
     4ee:	20 91 75 00 	lds	r18, 0x0075	; 0x800075 <measuring>
     4f2:	21 11       	cpse	r18, r1
     4f4:	ef cf       	rjmp	.-34     	; 0x4d4 <.L20>

000004f6 <.L8>:
     4f6:	29 b7       	in	r18, 0x39	; 57
     4f8:	2f 7d       	andi	r18, 0xDF	; 223
     4fa:	29 bf       	out	0x39, r18	; 57
     4fc:	40 91 76 00 	lds	r20, 0x0076	; 0x800076 <capturedFallingEdge>
     500:	50 91 77 00 	lds	r21, 0x0077	; 0x800077 <capturedFallingEdge+0x1>
     504:	20 91 78 00 	lds	r18, 0x0078	; 0x800078 <capturedRisingEdge>
     508:	30 91 79 00 	lds	r19, 0x0079	; 0x800079 <capturedRisingEdge+0x1>
     50c:	42 17       	cp	r20, r18
     50e:	53 07       	cpc	r21, r19
     510:	08 f4       	brcc	.+2      	; 0x514 <L0^A+0x2>

00000512 <L0^A>:
     512:	42 c0       	rjmp	.+132    	; 0x598 <.L10>
     514:	40 91 76 00 	lds	r20, 0x0076	; 0x800076 <capturedFallingEdge>
     518:	50 91 77 00 	lds	r21, 0x0077	; 0x800077 <capturedFallingEdge+0x1>
     51c:	20 91 78 00 	lds	r18, 0x0078	; 0x800078 <capturedRisingEdge>
     520:	30 91 79 00 	lds	r19, 0x0079	; 0x800079 <capturedRisingEdge+0x1>
     524:	42 1b       	sub	r20, r18
     526:	53 0b       	sbc	r21, r19
     528:	60 e0       	ldi	r22, 0x00	; 0
     52a:	70 e0       	ldi	r23, 0x00	; 0

0000052c <.L11>:
     52c:	8a 01       	movw	r16, r20
     52e:	9b 01       	movw	r18, r22
     530:	04 52       	subi	r16, 0x24	; 36
     532:	11 09       	sbc	r17, r1
     534:	21 09       	sbc	r18, r1
     536:	31 09       	sbc	r19, r1
     538:	02 3b       	cpi	r16, 0xB2	; 178
     53a:	12 40       	sbci	r17, 0x02	; 2
     53c:	21 05       	cpc	r18, r1
     53e:	31 05       	cpc	r19, r1
     540:	30 f5       	brcc	.+76     	; 0x58e <.L15>
     542:	00 91 7a 00 	lds	r16, 0x007A	; 0x80007a <timerOverflow>
     546:	10 91 7b 00 	lds	r17, 0x007B	; 0x80007b <timerOverflow+0x1>
     54a:	20 91 7c 00 	lds	r18, 0x007C	; 0x80007c <timerOverflow+0x2>
     54e:	30 91 7d 00 	lds	r19, 0x007D	; 0x80007d <timerOverflow+0x3>
     552:	10 97       	sbiw	r26, 0x00	; 0
     554:	91 46       	sbci	r25, 0x61	; 97
     556:	88 4a       	sbci	r24, 0xA8	; 168
     558:	d1 f0       	breq	.+52     	; 0x58e <.L15>
     55a:	98 01       	movw	r18, r16
     55c:	10 e0       	ldi	r17, 0x00	; 0
     55e:	00 e0       	ldi	r16, 0x00	; 0
     560:	40 0f       	add	r20, r16
     562:	51 1f       	adc	r21, r17
     564:	62 1f       	adc	r22, r18
     566:	73 1f       	adc	r23, r19
     568:	cb 01       	movw	r24, r22
     56a:	ba 01       	movw	r22, r20
     56c:	66 0f       	add	r22, r22
     56e:	77 1f       	adc	r23, r23
     570:	88 1f       	adc	r24, r24
     572:	99 1f       	adc	r25, r25
     574:	66 0f       	add	r22, r22
     576:	77 1f       	adc	r23, r23
     578:	88 1f       	adc	r24, r24
     57a:	99 1f       	adc	r25, r25
     57c:	a8 01       	movw	r20, r16
     57e:	2d e1       	ldi	r18, 0x1D	; 29
     580:	30 e0       	ldi	r19, 0x00	; 0
     582:	0e 94 32 08 	call	0x1064	; 0x1064 <__udivmodsi4>
     586:	c9 01       	movw	r24, r18
     588:	1f 91       	pop	r17
     58a:	0f 91       	pop	r16
     58c:	08 95       	ret

0000058e <.L15>:
     58e:	80 e0       	ldi	r24, 0x00	; 0
     590:	90 e0       	ldi	r25, 0x00	; 0
     592:	1f 91       	pop	r17
     594:	0f 91       	pop	r16
     596:	08 95       	ret

00000598 <.L10>:
     598:	40 91 76 00 	lds	r20, 0x0076	; 0x800076 <capturedFallingEdge>
     59c:	50 91 77 00 	lds	r21, 0x0077	; 0x800077 <capturedFallingEdge+0x1>
     5a0:	20 91 78 00 	lds	r18, 0x0078	; 0x800078 <capturedRisingEdge>
     5a4:	30 91 79 00 	lds	r19, 0x0079	; 0x800079 <capturedRisingEdge+0x1>
     5a8:	61 e0       	ldi	r22, 0x01	; 1
     5aa:	70 e0       	ldi	r23, 0x00	; 0
     5ac:	42 1b       	sub	r20, r18
     5ae:	53 0b       	sbc	r21, r19
     5b0:	61 09       	sbc	r22, r1
     5b2:	71 09       	sbc	r23, r1
     5b4:	bb cf       	rjmp	.-138    	; 0x52c <.L11>

000005b6 <.L13>:
     5b6:	a0 e0       	ldi	r26, 0x00	; 0
     5b8:	b0 e0       	ldi	r27, 0x00	; 0
     5ba:	cd 01       	movw	r24, r26
     5bc:	9c cf       	rjmp	.-200    	; 0x4f6 <.L8>

000005be <DIO_InitPin>:
     5be:	84 30       	cpi	r24, 0x04	; 4
     5c0:	c0 f4       	brcc	.+48     	; 0x5f2 <.L1>
     5c2:	68 30       	cpi	r22, 0x08	; 8
     5c4:	b0 f4       	brcc	.+44     	; 0x5f2 <.L1>
     5c6:	41 30       	cpi	r20, 0x01	; 1
     5c8:	a9 f0       	breq	.+42     	; 0x5f4 <.L11>
     5ca:	98 f4       	brcc	.+38     	; 0x5f2 <.L1>
     5cc:	21 e0       	ldi	r18, 0x01	; 1
     5ce:	01 c0       	rjmp	.+2      	; 0x5d2 <.L2^B1>

000005d0 <.L1^B1>:
     5d0:	22 0f       	add	r18, r18

000005d2 <.L2^B1>:
     5d2:	6a 95       	dec	r22
     5d4:	ea f7       	brpl	.-6      	; 0x5d0 <.L1^B1>
     5d6:	20 95       	com	r18
     5d8:	82 30       	cpi	r24, 0x02	; 2
     5da:	39 f1       	breq	.+78     	; 0x62a <.L7>
     5dc:	83 30       	cpi	r24, 0x03	; 3
     5de:	31 f0       	breq	.+12     	; 0x5ec <.L8>
     5e0:	81 30       	cpi	r24, 0x01	; 1
     5e2:	39 f1       	breq	.+78     	; 0x632 <.L9>
     5e4:	8a b3       	in	r24, 0x1a	; 26
     5e6:	82 23       	and	r24, r18
     5e8:	8a bb       	out	0x1a, r24	; 26
     5ea:	08 95       	ret

000005ec <.L8>:
     5ec:	81 b3       	in	r24, 0x11	; 17
     5ee:	82 23       	and	r24, r18
     5f0:	81 bb       	out	0x11, r24	; 17

000005f2 <.L1>:
     5f2:	08 95       	ret

000005f4 <.L11>:
     5f4:	21 e0       	ldi	r18, 0x01	; 1
     5f6:	01 c0       	rjmp	.+2      	; 0x5fa <.L2^B2>

000005f8 <.L1^B2>:
     5f8:	22 0f       	add	r18, r18

000005fa <.L2^B2>:
     5fa:	6a 95       	dec	r22
     5fc:	ea f7       	brpl	.-6      	; 0x5f8 <.L1^B2>
     5fe:	82 30       	cpi	r24, 0x02	; 2
     600:	61 f0       	breq	.+24     	; 0x61a <.L4>
     602:	83 30       	cpi	r24, 0x03	; 3
     604:	31 f0       	breq	.+12     	; 0x612 <.L5>
     606:	81 30       	cpi	r24, 0x01	; 1
     608:	61 f0       	breq	.+24     	; 0x622 <.L6>
     60a:	8a b3       	in	r24, 0x1a	; 26
     60c:	82 2b       	or	r24, r18
     60e:	8a bb       	out	0x1a, r24	; 26
     610:	08 95       	ret

00000612 <.L5>:
     612:	81 b3       	in	r24, 0x11	; 17
     614:	82 2b       	or	r24, r18
     616:	81 bb       	out	0x11, r24	; 17
     618:	08 95       	ret

0000061a <.L4>:
     61a:	84 b3       	in	r24, 0x14	; 20
     61c:	82 2b       	or	r24, r18
     61e:	84 bb       	out	0x14, r24	; 20
     620:	08 95       	ret

00000622 <.L6>:
     622:	87 b3       	in	r24, 0x17	; 23
     624:	82 2b       	or	r24, r18
     626:	87 bb       	out	0x17, r24	; 23
     628:	08 95       	ret

0000062a <.L7>:
     62a:	84 b3       	in	r24, 0x14	; 20
     62c:	82 23       	and	r24, r18
     62e:	84 bb       	out	0x14, r24	; 20
     630:	08 95       	ret

00000632 <.L9>:
     632:	87 b3       	in	r24, 0x17	; 23
     634:	82 23       	and	r24, r18
     636:	87 bb       	out	0x17, r24	; 23
     638:	08 95       	ret

0000063a <DIO_InitGroup>:
     63a:	82 30       	cpi	r24, 0x02	; 2
     63c:	49 f0       	breq	.+18     	; 0x650 <.L13>
     63e:	20 f4       	brcc	.+8      	; 0x648 <.L14>
     640:	81 15       	cp	r24, r1
     642:	41 f0       	breq	.+16     	; 0x654 <.L20>
     644:	67 bb       	out	0x17, r22	; 23
     646:	08 95       	ret

00000648 <.L14>:
     648:	83 30       	cpi	r24, 0x03	; 3
     64a:	31 f4       	brne	.+12     	; 0x658 <.L21>
     64c:	61 bb       	out	0x11, r22	; 17
     64e:	08 95       	ret

00000650 <.L13>:
     650:	64 bb       	out	0x14, r22	; 20
     652:	08 95       	ret

00000654 <.L20>:
     654:	6a bb       	out	0x1a, r22	; 26
     656:	08 95       	ret

00000658 <.L21>:
     658:	08 95       	ret

0000065a <DIO_WritePin>:
     65a:	84 30       	cpi	r24, 0x04	; 4
     65c:	c0 f4       	brcc	.+48     	; 0x68e <.L22>
     65e:	68 30       	cpi	r22, 0x08	; 8
     660:	b0 f4       	brcc	.+44     	; 0x68e <.L22>
     662:	41 30       	cpi	r20, 0x01	; 1
     664:	a9 f0       	breq	.+42     	; 0x690 <.L31>
     666:	98 f4       	brcc	.+38     	; 0x68e <.L22>
     668:	21 e0       	ldi	r18, 0x01	; 1
     66a:	01 c0       	rjmp	.+2      	; 0x66e <.L2^B3>

0000066c <.L1^B3>:
     66c:	22 0f       	add	r18, r18

0000066e <.L2^B3>:
     66e:	6a 95       	dec	r22
     670:	ea f7       	brpl	.-6      	; 0x66c <.L1^B3>
     672:	20 95       	com	r18
     674:	82 30       	cpi	r24, 0x02	; 2
     676:	39 f1       	breq	.+78     	; 0x6c6 <.L28>
     678:	83 30       	cpi	r24, 0x03	; 3
     67a:	31 f0       	breq	.+12     	; 0x688 <.L29>
     67c:	81 30       	cpi	r24, 0x01	; 1
     67e:	39 f1       	breq	.+78     	; 0x6ce <.L30>
     680:	8b b3       	in	r24, 0x1b	; 27
     682:	82 23       	and	r24, r18
     684:	8b bb       	out	0x1b, r24	; 27
     686:	08 95       	ret

00000688 <.L29>:
     688:	82 b3       	in	r24, 0x12	; 18
     68a:	82 23       	and	r24, r18
     68c:	82 bb       	out	0x12, r24	; 18

0000068e <.L22>:
     68e:	08 95       	ret

00000690 <.L31>:
     690:	21 e0       	ldi	r18, 0x01	; 1
     692:	01 c0       	rjmp	.+2      	; 0x696 <.L2^B4>

00000694 <.L1^B4>:
     694:	22 0f       	add	r18, r18

00000696 <.L2^B4>:
     696:	6a 95       	dec	r22
     698:	ea f7       	brpl	.-6      	; 0x694 <.L1^B4>
     69a:	82 30       	cpi	r24, 0x02	; 2
     69c:	61 f0       	breq	.+24     	; 0x6b6 <.L25>
     69e:	83 30       	cpi	r24, 0x03	; 3
     6a0:	31 f0       	breq	.+12     	; 0x6ae <.L26>
     6a2:	81 30       	cpi	r24, 0x01	; 1
     6a4:	61 f0       	breq	.+24     	; 0x6be <.L27>
     6a6:	8b b3       	in	r24, 0x1b	; 27
     6a8:	82 2b       	or	r24, r18
     6aa:	8b bb       	out	0x1b, r24	; 27
     6ac:	08 95       	ret

000006ae <.L26>:
     6ae:	82 b3       	in	r24, 0x12	; 18
     6b0:	82 2b       	or	r24, r18
     6b2:	82 bb       	out	0x12, r24	; 18
     6b4:	08 95       	ret

000006b6 <.L25>:
     6b6:	85 b3       	in	r24, 0x15	; 21
     6b8:	82 2b       	or	r24, r18
     6ba:	85 bb       	out	0x15, r24	; 21
     6bc:	08 95       	ret

000006be <.L27>:
     6be:	88 b3       	in	r24, 0x18	; 24
     6c0:	82 2b       	or	r24, r18
     6c2:	88 bb       	out	0x18, r24	; 24
     6c4:	08 95       	ret

000006c6 <.L28>:
     6c6:	85 b3       	in	r24, 0x15	; 21
     6c8:	82 23       	and	r24, r18
     6ca:	85 bb       	out	0x15, r24	; 21
     6cc:	08 95       	ret

000006ce <.L30>:
     6ce:	88 b3       	in	r24, 0x18	; 24
     6d0:	82 23       	and	r24, r18
     6d2:	88 bb       	out	0x18, r24	; 24
     6d4:	08 95       	ret

000006d6 <DIO_WriteGroup>:
     6d6:	82 30       	cpi	r24, 0x02	; 2
     6d8:	49 f0       	breq	.+18     	; 0x6ec <.L33>
     6da:	20 f4       	brcc	.+8      	; 0x6e4 <.L34>
     6dc:	81 15       	cp	r24, r1
     6de:	41 f0       	breq	.+16     	; 0x6f0 <.L40>
     6e0:	68 bb       	out	0x18, r22	; 24
     6e2:	08 95       	ret

000006e4 <.L34>:
     6e4:	83 30       	cpi	r24, 0x03	; 3
     6e6:	31 f4       	brne	.+12     	; 0x6f4 <.L41>
     6e8:	62 bb       	out	0x12, r22	; 18
     6ea:	08 95       	ret

000006ec <.L33>:
     6ec:	65 bb       	out	0x15, r22	; 21
     6ee:	08 95       	ret

000006f0 <.L40>:
     6f0:	6b bb       	out	0x1b, r22	; 27
     6f2:	08 95       	ret

000006f4 <.L41>:
     6f4:	08 95       	ret

000006f6 <DIO_TogglePin>:
     6f6:	84 30       	cpi	r24, 0x04	; 4
     6f8:	a0 f4       	brcc	.+40     	; 0x722 <.L42>
     6fa:	68 30       	cpi	r22, 0x08	; 8
     6fc:	90 f4       	brcc	.+36     	; 0x722 <.L42>
     6fe:	21 e0       	ldi	r18, 0x01	; 1
     700:	01 c0       	rjmp	.+2      	; 0x704 <.L2^B5>

00000702 <.L1^B5>:
     702:	22 0f       	add	r18, r18

00000704 <.L2^B5>:
     704:	6a 95       	dec	r22
     706:	ea f7       	brpl	.-6      	; 0x702 <.L1^B5>
     708:	82 30       	cpi	r24, 0x02	; 2
     70a:	61 f0       	breq	.+24     	; 0x724 <.L44>
     70c:	83 30       	cpi	r24, 0x03	; 3
     70e:	31 f0       	breq	.+12     	; 0x71c <.L45>
     710:	81 30       	cpi	r24, 0x01	; 1
     712:	61 f0       	breq	.+24     	; 0x72c <.L46>
     714:	8b b3       	in	r24, 0x1b	; 27
     716:	82 27       	eor	r24, r18
     718:	8b bb       	out	0x1b, r24	; 27
     71a:	08 95       	ret

0000071c <.L45>:
     71c:	82 b3       	in	r24, 0x12	; 18
     71e:	82 27       	eor	r24, r18
     720:	82 bb       	out	0x12, r24	; 18

00000722 <.L42>:
     722:	08 95       	ret

00000724 <.L44>:
     724:	85 b3       	in	r24, 0x15	; 21
     726:	82 27       	eor	r24, r18
     728:	85 bb       	out	0x15, r24	; 21
     72a:	08 95       	ret

0000072c <.L46>:
     72c:	88 b3       	in	r24, 0x18	; 24
     72e:	82 27       	eor	r24, r18
     730:	88 bb       	out	0x18, r24	; 24
     732:	08 95       	ret

00000734 <DIO_ReadPin>:
     734:	41 15       	cp	r20, r1
     736:	51 05       	cpc	r21, r1
     738:	a1 f0       	breq	.+40     	; 0x762 <.L47>
     73a:	84 30       	cpi	r24, 0x04	; 4
     73c:	90 f4       	brcc	.+36     	; 0x762 <.L47>
     73e:	68 30       	cpi	r22, 0x08	; 8
     740:	80 f4       	brcc	.+32     	; 0x762 <.L47>
     742:	82 30       	cpi	r24, 0x02	; 2
     744:	99 f0       	breq	.+38     	; 0x76c <.L49>
     746:	83 30       	cpi	r24, 0x03	; 3
     748:	79 f0       	breq	.+30     	; 0x768 <.L50>
     74a:	81 30       	cpi	r24, 0x01	; 1
     74c:	59 f4       	brne	.+22     	; 0x764 <.L56>
     74e:	86 b3       	in	r24, 0x16	; 22

00000750 <.L55>:
     750:	90 e0       	ldi	r25, 0x00	; 0
     752:	02 c0       	rjmp	.+4      	; 0x758 <.L2^B6>

00000754 <.L1^B6>:
     754:	95 95       	asr	r25
     756:	87 95       	ror	r24

00000758 <.L2^B6>:
     758:	6a 95       	dec	r22
     75a:	e2 f7       	brpl	.-8      	; 0x754 <.L1^B6>
     75c:	81 70       	andi	r24, 0x01	; 1
     75e:	fa 01       	movw	r30, r20
     760:	80 83       	st	Z, r24

00000762 <.L47>:
     762:	08 95       	ret

00000764 <.L56>:
     764:	89 b3       	in	r24, 0x19	; 25
     766:	f4 cf       	rjmp	.-24     	; 0x750 <.L55>

00000768 <.L50>:
     768:	80 b3       	in	r24, 0x10	; 16
     76a:	f2 cf       	rjmp	.-28     	; 0x750 <.L55>

0000076c <.L49>:
     76c:	83 b3       	in	r24, 0x13	; 19
     76e:	f0 cf       	rjmp	.-32     	; 0x750 <.L55>

00000770 <DIO_ReadGroup>:
     770:	61 15       	cp	r22, r1
     772:	71 05       	cpc	r23, r1
     774:	71 f0       	breq	.+28     	; 0x792 <.L57>
     776:	82 30       	cpi	r24, 0x02	; 2
     778:	91 f0       	breq	.+36     	; 0x79e <.L59>
     77a:	30 f4       	brcc	.+12     	; 0x788 <.L60>
     77c:	81 15       	cp	r24, r1
     77e:	59 f0       	breq	.+22     	; 0x796 <.L68>
     780:	86 b3       	in	r24, 0x16	; 22
     782:	fb 01       	movw	r30, r22
     784:	80 83       	st	Z, r24
     786:	08 95       	ret

00000788 <.L60>:
     788:	83 30       	cpi	r24, 0x03	; 3
     78a:	21 f4       	brne	.+8      	; 0x794 <.L69>
     78c:	80 b3       	in	r24, 0x10	; 16
     78e:	fb 01       	movw	r30, r22
     790:	80 83       	st	Z, r24

00000792 <.L57>:
     792:	08 95       	ret

00000794 <.L69>:
     794:	08 95       	ret

00000796 <.L68>:
     796:	89 b3       	in	r24, 0x19	; 25
     798:	fb 01       	movw	r30, r22
     79a:	80 83       	st	Z, r24
     79c:	08 95       	ret

0000079e <.L59>:
     79e:	83 b3       	in	r24, 0x13	; 19
     7a0:	fb 01       	movw	r30, r22
     7a2:	80 83       	st	Z, r24
     7a4:	08 95       	ret

000007a6 <EXTI_Init>:
     7a6:	83 30       	cpi	r24, 0x03	; 3
     7a8:	b1 f0       	breq	.+44     	; 0x7d6 <.L13>
     7aa:	84 30       	cpi	r24, 0x04	; 4
     7ac:	19 f0       	breq	.+6      	; 0x7b4 <.L14>
     7ae:	85 30       	cpi	r24, 0x05	; 5
     7b0:	09 f1       	breq	.+66     	; 0x7f4 <.L15>

000007b2 <.L1>:
     7b2:	08 95       	ret

000007b4 <.L14>:
     7b4:	64 30       	cpi	r22, 0x04	; 4
     7b6:	69 f1       	breq	.+90     	; 0x812 <.L16>
     7b8:	65 30       	cpi	r22, 0x05	; 5
     7ba:	09 f4       	brne	.+2      	; 0x7be <L0^A+0x2>

000007bc <L0^A>:
     7bc:	43 c0       	rjmp	.+134    	; 0x844 <.L17>
     7be:	66 30       	cpi	r22, 0x06	; 6
     7c0:	09 f4       	brne	.+2      	; 0x7c4 <L0^A+0x2>

000007c2 <L0^A>:
     7c2:	47 c0       	rjmp	.+142    	; 0x852 <.L18>
     7c4:	67 30       	cpi	r22, 0x07	; 7
     7c6:	a9 f7       	brne	.-22     	; 0x7b2 <.L1>
     7c8:	85 b7       	in	r24, 0x35	; 53
     7ca:	84 60       	ori	r24, 0x04	; 4
     7cc:	85 bf       	out	0x35, r24	; 53
     7ce:	85 b7       	in	r24, 0x35	; 53
     7d0:	88 60       	ori	r24, 0x08	; 8
     7d2:	85 bf       	out	0x35, r24	; 53
     7d4:	08 95       	ret

000007d6 <.L13>:
     7d6:	64 30       	cpi	r22, 0x04	; 4
     7d8:	19 f1       	breq	.+70     	; 0x820 <.L19>
     7da:	65 30       	cpi	r22, 0x05	; 5
     7dc:	99 f0       	breq	.+38     	; 0x804 <.L20>
     7de:	66 30       	cpi	r22, 0x06	; 6
     7e0:	31 f1       	breq	.+76     	; 0x82e <.L21>
     7e2:	67 30       	cpi	r22, 0x07	; 7
     7e4:	31 f7       	brne	.-52     	; 0x7b2 <.L1>
     7e6:	85 b7       	in	r24, 0x35	; 53
     7e8:	81 60       	ori	r24, 0x01	; 1
     7ea:	85 bf       	out	0x35, r24	; 53
     7ec:	85 b7       	in	r24, 0x35	; 53
     7ee:	82 60       	ori	r24, 0x02	; 2
     7f0:	85 bf       	out	0x35, r24	; 53
     7f2:	08 95       	ret

000007f4 <.L15>:
     7f4:	66 30       	cpi	r22, 0x06	; 6
     7f6:	11 f1       	breq	.+68     	; 0x83c <.L22>
     7f8:	67 30       	cpi	r22, 0x07	; 7
     7fa:	d9 f6       	brne	.-74     	; 0x7b2 <.L1>
     7fc:	84 b7       	in	r24, 0x34	; 52
     7fe:	80 64       	ori	r24, 0x40	; 64
     800:	84 bf       	out	0x34, r24	; 52
     802:	08 95       	ret

00000804 <.L20>:
     804:	85 b7       	in	r24, 0x35	; 53
     806:	81 60       	ori	r24, 0x01	; 1
     808:	85 bf       	out	0x35, r24	; 53
     80a:	85 b7       	in	r24, 0x35	; 53
     80c:	8d 7f       	andi	r24, 0xFD	; 253
     80e:	85 bf       	out	0x35, r24	; 53
     810:	08 95       	ret

00000812 <.L16>:
     812:	85 b7       	in	r24, 0x35	; 53
     814:	8b 7f       	andi	r24, 0xFB	; 251
     816:	85 bf       	out	0x35, r24	; 53
     818:	85 b7       	in	r24, 0x35	; 53
     81a:	87 7f       	andi	r24, 0xF7	; 247
     81c:	85 bf       	out	0x35, r24	; 53
     81e:	08 95       	ret

00000820 <.L19>:
     820:	85 b7       	in	r24, 0x35	; 53
     822:	8e 7f       	andi	r24, 0xFE	; 254
     824:	85 bf       	out	0x35, r24	; 53
     826:	85 b7       	in	r24, 0x35	; 53
     828:	8d 7f       	andi	r24, 0xFD	; 253
     82a:	85 bf       	out	0x35, r24	; 53
     82c:	08 95       	ret

0000082e <.L21>:
     82e:	85 b7       	in	r24, 0x35	; 53
     830:	8e 7f       	andi	r24, 0xFE	; 254
     832:	85 bf       	out	0x35, r24	; 53
     834:	85 b7       	in	r24, 0x35	; 53
     836:	82 60       	ori	r24, 0x02	; 2
     838:	85 bf       	out	0x35, r24	; 53
     83a:	08 95       	ret

0000083c <.L22>:
     83c:	84 b7       	in	r24, 0x34	; 52
     83e:	8f 7b       	andi	r24, 0xBF	; 191
     840:	84 bf       	out	0x34, r24	; 52
     842:	08 95       	ret

00000844 <.L17>:
     844:	85 b7       	in	r24, 0x35	; 53
     846:	84 60       	ori	r24, 0x04	; 4
     848:	85 bf       	out	0x35, r24	; 53
     84a:	85 b7       	in	r24, 0x35	; 53
     84c:	87 7f       	andi	r24, 0xF7	; 247
     84e:	85 bf       	out	0x35, r24	; 53
     850:	08 95       	ret

00000852 <.L18>:
     852:	85 b7       	in	r24, 0x35	; 53
     854:	8b 7f       	andi	r24, 0xFB	; 251
     856:	85 bf       	out	0x35, r24	; 53
     858:	85 b7       	in	r24, 0x35	; 53
     85a:	88 60       	ori	r24, 0x08	; 8
     85c:	85 bf       	out	0x35, r24	; 53
     85e:	08 95       	ret

00000860 <EXTI_Enable>:
     860:	83 30       	cpi	r24, 0x03	; 3
     862:	49 f0       	breq	.+18     	; 0x876 <.L27>
     864:	84 30       	cpi	r24, 0x04	; 4
     866:	19 f0       	breq	.+6      	; 0x86e <.L28>
     868:	85 30       	cpi	r24, 0x05	; 5
     86a:	49 f0       	breq	.+18     	; 0x87e <.L29>
     86c:	08 95       	ret

0000086e <.L28>:
     86e:	8b b7       	in	r24, 0x3b	; 59
     870:	80 68       	ori	r24, 0x80	; 128
     872:	8b bf       	out	0x3b, r24	; 59
     874:	08 95       	ret

00000876 <.L27>:
     876:	8b b7       	in	r24, 0x3b	; 59
     878:	80 64       	ori	r24, 0x40	; 64
     87a:	8b bf       	out	0x3b, r24	; 59
     87c:	08 95       	ret

0000087e <.L29>:
     87e:	8b b7       	in	r24, 0x3b	; 59
     880:	80 62       	ori	r24, 0x20	; 32
     882:	8b bf       	out	0x3b, r24	; 59
     884:	08 95       	ret

00000886 <EXTI_Disable>:
     886:	83 30       	cpi	r24, 0x03	; 3
     888:	49 f0       	breq	.+18     	; 0x89c <.L34>
     88a:	84 30       	cpi	r24, 0x04	; 4
     88c:	19 f0       	breq	.+6      	; 0x894 <.L35>
     88e:	85 30       	cpi	r24, 0x05	; 5
     890:	49 f0       	breq	.+18     	; 0x8a4 <.L36>
     892:	08 95       	ret

00000894 <.L35>:
     894:	8b b7       	in	r24, 0x3b	; 59
     896:	8f 77       	andi	r24, 0x7F	; 127
     898:	8b bf       	out	0x3b, r24	; 59
     89a:	08 95       	ret

0000089c <.L34>:
     89c:	8b b7       	in	r24, 0x3b	; 59
     89e:	8f 7b       	andi	r24, 0xBF	; 191
     8a0:	8b bf       	out	0x3b, r24	; 59
     8a2:	08 95       	ret

000008a4 <.L36>:
     8a4:	8b b7       	in	r24, 0x3b	; 59
     8a6:	8f 7d       	andi	r24, 0xDF	; 223
     8a8:	8b bf       	out	0x3b, r24	; 59
     8aa:	08 95       	ret

000008ac <GIE_Enable>:
     8ac:	8f b7       	in	r24, 0x3f	; 63
     8ae:	80 68       	ori	r24, 0x80	; 128
     8b0:	8f bf       	out	0x3f, r24	; 63
     8b2:	08 95       	ret

000008b4 <GIE_Disable>:
     8b4:	8f b7       	in	r24, 0x3f	; 63
     8b6:	8f 77       	andi	r24, 0x7F	; 127
     8b8:	8f bf       	out	0x3f, r24	; 63
     8ba:	08 95       	ret

000008bc <TIMER1_Init>:
     8bc:	ef 92       	push	r14
     8be:	ff 92       	push	r15
     8c0:	0f 93       	push	r16
     8c2:	1f 93       	push	r17
     8c4:	cf 93       	push	r28
     8c6:	df 93       	push	r29
     8c8:	cd b7       	in	r28, 0x3d	; 61
     8ca:	de b7       	in	r29, 0x3e	; 62
     8cc:	2c 97       	sbiw	r28, 0x0c	; 12
     8ce:	0f b6       	in	r0, 0x3f	; 63
     8d0:	f8 94       	cli
     8d2:	de bf       	out	0x3e, r29	; 62
     8d4:	0f be       	out	0x3f, r0	; 63
     8d6:	cd bf       	out	0x3d, r28	; 61
     8d8:	ee 2d       	mov	r30, r14
     8da:	e9 82       	std	Y+1, r14	; 0x01
     8dc:	bf 2d       	mov	r27, r15
     8de:	fa 82       	std	Y+2, r15	; 0x02
     8e0:	0b 83       	std	Y+3, r16	; 0x03
     8e2:	1c 83       	std	Y+4, r17	; 0x04
     8e4:	f2 2f       	mov	r31, r18
     8e6:	2d 83       	std	Y+5, r18	; 0x05
     8e8:	23 2f       	mov	r18, r19
     8ea:	3e 83       	std	Y+6, r19	; 0x06
     8ec:	4f 83       	std	Y+7, r20	; 0x07
     8ee:	58 87       	std	Y+8, r21	; 0x08
     8f0:	69 87       	std	Y+9, r22	; 0x09
     8f2:	7a 87       	std	Y+10, r23	; 0x0a
     8f4:	8b 87       	std	Y+11, r24	; 0x0b
     8f6:	9c 87       	std	Y+12, r25	; 0x0c
     8f8:	f1 30       	cpi	r31, 0x01	; 1
     8fa:	71 f1       	breq	.+92     	; 0x958 <.L88>
     8fc:	f2 30       	cpi	r31, 0x02	; 2
     8fe:	f9 f0       	breq	.+62     	; 0x93e <.L89>

00000900 <.L13>:
     900:	b1 30       	cpi	r27, 0x01	; 1
     902:	c1 f1       	breq	.+112    	; 0x974 <.L90>
     904:	98 f0       	brcs	.+38     	; 0x92c <.L91>

00000906 <.L47>:
     906:	01 30       	cpi	r16, 0x01	; 1
     908:	b1 f0       	breq	.+44     	; 0x936 <.L92>

0000090a <.L48>:
     90a:	18 f4       	brcc	.+6      	; 0x912 <.L1>
     90c:	8e b5       	in	r24, 0x2e	; 46
     90e:	8f 7b       	andi	r24, 0xBF	; 191
     910:	8e bd       	out	0x2e, r24	; 46

00000912 <.L1>:
     912:	2c 96       	adiw	r28, 0x0c	; 12
     914:	0f b6       	in	r0, 0x3f	; 63
     916:	f8 94       	cli
     918:	de bf       	out	0x3e, r29	; 62
     91a:	0f be       	out	0x3f, r0	; 63
     91c:	cd bf       	out	0x3d, r28	; 61
     91e:	df 91       	pop	r29
     920:	cf 91       	pop	r28
     922:	1f 91       	pop	r17
     924:	0f 91       	pop	r16
     926:	ff 90       	pop	r15
     928:	ef 90       	pop	r14
     92a:	08 95       	ret

0000092c <.L91>:
     92c:	8e b5       	in	r24, 0x2e	; 46
     92e:	8f 77       	andi	r24, 0x7F	; 127
     930:	8e bd       	out	0x2e, r24	; 46
     932:	01 30       	cpi	r16, 0x01	; 1
     934:	51 f7       	brne	.-44     	; 0x90a <.L48>

00000936 <.L92>:
     936:	8e b5       	in	r24, 0x2e	; 46
     938:	80 64       	ori	r24, 0x40	; 64
     93a:	8e bd       	out	0x2e, r24	; 46
     93c:	ea cf       	rjmp	.-44     	; 0x912 <.L1>

0000093e <.L89>:
     93e:	9b 85       	ldd	r25, Y+11	; 0x0b
     940:	3c 85       	ldd	r19, Y+12	; 0x0c
     942:	8e b5       	in	r24, 0x2e	; 46
     944:	8f 7e       	andi	r24, 0xEF	; 239
     946:	8e bd       	out	0x2e, r24	; 46
     948:	e8 50       	subi	r30, 0x08	; 8
     94a:	e8 30       	cpi	r30, 0x08	; 8
     94c:	c8 f6       	brcc	.-78     	; 0x900 <.L13>
     94e:	f0 e0       	ldi	r31, 0x00	; 0
     950:	e3 5b       	subi	r30, 0xB3	; 179
     952:	f6 4f       	sbci	r31, 0xF6	; 246
     954:	0c 94 73 08 	jmp	0x10e6	; 0x10e6 <__tablejump2__>

00000958 <.L88>:
     958:	94 2f       	mov	r25, r20
     95a:	35 2f       	mov	r19, r21
     95c:	ab 01       	movw	r20, r22
     95e:	8e b5       	in	r24, 0x2e	; 46
     960:	8f 7e       	andi	r24, 0xEF	; 239
     962:	8e bd       	out	0x2e, r24	; 46
     964:	e8 30       	cpi	r30, 0x08	; 8
     966:	60 f6       	brcc	.-104    	; 0x900 <.L13>
     968:	f0 e0       	ldi	r31, 0x00	; 0
     96a:	eb 5a       	subi	r30, 0xAB	; 171
     96c:	f6 4f       	sbci	r31, 0xF6	; 246
     96e:	8e b5       	in	r24, 0x2e	; 46
     970:	0c 94 73 08 	jmp	0x10e6	; 0x10e6 <__tablejump2__>

00000974 <.L90>:
     974:	8e b5       	in	r24, 0x2e	; 46
     976:	80 68       	ori	r24, 0x80	; 128
     978:	8e bd       	out	0x2e, r24	; 46
     97a:	c5 cf       	rjmp	.-118    	; 0x906 <.L47>

0000097c <.L6>:
     97c:	88 60       	ori	r24, 0x08	; 8
     97e:	8e bd       	out	0x2e, r24	; 46
     980:	8f b5       	in	r24, 0x2f	; 47
     982:	82 60       	ori	r24, 0x02	; 2
     984:	8f bd       	out	0x2f, r24	; 47
     986:	8f b5       	in	r24, 0x2f	; 47
     988:	8e 7f       	andi	r24, 0xFE	; 254
     98a:	8f bd       	out	0x2f, r24	; 47
     98c:	21 30       	cpi	r18, 0x01	; 1
     98e:	08 f0       	brcs	.+2      	; 0x992 <L0^A+0x2>

00000990 <L0^A>:
     990:	a5 c1       	rjmp	.+842    	; 0xcdc <.L22>
     992:	8f b5       	in	r24, 0x2f	; 47
     994:	80 68       	ori	r24, 0x80	; 128
     996:	8f bd       	out	0x2f, r24	; 47
     998:	8f b5       	in	r24, 0x2f	; 47
     99a:	8f 7b       	andi	r24, 0xBF	; 191
     99c:	8f bd       	out	0x2f, r24	; 47
     99e:	10 92 86 00 	sts	0x0086, r1	; 0x800086 <StaticPWMoutputMode>

000009a2 <.L53>:
     9a2:	10 92 87 00 	sts	0x0087, r1	; 0x800087 <StaticPWMoutputMode+0x1>
     9a6:	10 92 88 00 	sts	0x0088, r1	; 0x800088 <StaticPWMoutputMode+0x2>
     9aa:	10 92 89 00 	sts	0x0089, r1	; 0x800089 <StaticPWMoutputMode+0x3>
     9ae:	10 92 8a 00 	sts	0x008A, r1	; 0x80008a <StaticPWMoutputMode+0x4>
     9b2:	10 92 8b 00 	sts	0x008B, r1	; 0x80008b <StaticPWMoutputMode+0x5>
     9b6:	10 92 8c 00 	sts	0x008C, r1	; 0x80008c <StaticPWMoutputMode+0x6>
     9ba:	10 92 8d 00 	sts	0x008D, r1	; 0x80008d <StaticPWMoutputMode+0x7>

000009be <.L23>:
     9be:	1b bc       	out	0x2b, r1	; 43
     9c0:	1a bc       	out	0x2a, r1	; 42
     9c2:	8f ef       	ldi	r24, 0xFF	; 255
     9c4:	80 93 7e 00 	sts	0x007E, r24	; 0x80007e <StaticPWMoutputMax>
     9c8:	81 e0       	ldi	r24, 0x01	; 1

000009ca <.L61>:
     9ca:	80 93 7f 00 	sts	0x007F, r24	; 0x80007f <StaticPWMoutputMax+0x1>

000009ce <.L63>:
     9ce:	10 92 80 00 	sts	0x0080, r1	; 0x800080 <StaticPWMoutputMax+0x2>
     9d2:	10 92 81 00 	sts	0x0081, r1	; 0x800081 <StaticPWMoutputMax+0x3>
     9d6:	10 92 82 00 	sts	0x0082, r1	; 0x800082 <StaticPWMoutputMax+0x4>
     9da:	10 92 83 00 	sts	0x0083, r1	; 0x800083 <StaticPWMoutputMax+0x5>
     9de:	10 92 84 00 	sts	0x0084, r1	; 0x800084 <StaticPWMoutputMax+0x6>
     9e2:	10 92 85 00 	sts	0x0085, r1	; 0x800085 <StaticPWMoutputMax+0x7>
     9e6:	8c cf       	rjmp	.-232    	; 0x900 <.L13>

000009e8 <.L7>:
     9e8:	88 60       	ori	r24, 0x08	; 8

000009ea <.L84>:
     9ea:	8e bd       	out	0x2e, r24	; 46
     9ec:	8f b5       	in	r24, 0x2f	; 47
     9ee:	8d 7f       	andi	r24, 0xFD	; 253
     9f0:	8f bd       	out	0x2f, r24	; 47
     9f2:	8f b5       	in	r24, 0x2f	; 47
     9f4:	81 60       	ori	r24, 0x01	; 1
     9f6:	8f bd       	out	0x2f, r24	; 47
     9f8:	21 30       	cpi	r18, 0x01	; 1
     9fa:	08 f0       	brcs	.+2      	; 0x9fe <L0^A+0x2>

000009fc <L0^A>:
     9fc:	40 c1       	rjmp	.+640    	; 0xc7e <.L20>
     9fe:	8f b5       	in	r24, 0x2f	; 47
     a00:	80 68       	ori	r24, 0x80	; 128
     a02:	8f bd       	out	0x2f, r24	; 47
     a04:	8f b5       	in	r24, 0x2f	; 47
     a06:	8f 7b       	andi	r24, 0xBF	; 191
     a08:	8f bd       	out	0x2f, r24	; 47
     a0a:	10 92 86 00 	sts	0x0086, r1	; 0x800086 <StaticPWMoutputMode>

00000a0e <.L52>:
     a0e:	10 92 87 00 	sts	0x0087, r1	; 0x800087 <StaticPWMoutputMode+0x1>
     a12:	10 92 88 00 	sts	0x0088, r1	; 0x800088 <StaticPWMoutputMode+0x2>
     a16:	10 92 89 00 	sts	0x0089, r1	; 0x800089 <StaticPWMoutputMode+0x3>
     a1a:	10 92 8a 00 	sts	0x008A, r1	; 0x80008a <StaticPWMoutputMode+0x4>
     a1e:	10 92 8b 00 	sts	0x008B, r1	; 0x80008b <StaticPWMoutputMode+0x5>
     a22:	10 92 8c 00 	sts	0x008C, r1	; 0x80008c <StaticPWMoutputMode+0x6>
     a26:	10 92 8d 00 	sts	0x008D, r1	; 0x80008d <StaticPWMoutputMode+0x7>

00000a2a <.L21>:
     a2a:	1b bc       	out	0x2b, r1	; 43
     a2c:	1a bc       	out	0x2a, r1	; 42
     a2e:	8f ef       	ldi	r24, 0xFF	; 255
     a30:	80 93 7e 00 	sts	0x007E, r24	; 0x80007e <StaticPWMoutputMax>
     a34:	10 92 7f 00 	sts	0x007F, r1	; 0x80007f <StaticPWMoutputMax+0x1>
     a38:	ca cf       	rjmp	.-108    	; 0x9ce <.L63>

00000a3a <.L8>:
     a3a:	88 60       	ori	r24, 0x08	; 8
     a3c:	8e bd       	out	0x2e, r24	; 46
     a3e:	8f b5       	in	r24, 0x2f	; 47
     a40:	8d 7f       	andi	r24, 0xFD	; 253
     a42:	8f bd       	out	0x2f, r24	; 47
     a44:	8f b5       	in	r24, 0x2f	; 47
     a46:	8e 7f       	andi	r24, 0xFE	; 254
     a48:	8f bd       	out	0x2f, r24	; 47
     a4a:	3b bd       	out	0x2b, r19	; 43
     a4c:	9a bd       	out	0x2a, r25	; 42
     a4e:	89 b7       	in	r24, 0x39	; 57
     a50:	80 61       	ori	r24, 0x10	; 16
     a52:	89 bf       	out	0x39, r24	; 57
     a54:	55 cf       	rjmp	.-342    	; 0x900 <.L13>

00000a56 <.L9>:
     a56:	87 7f       	andi	r24, 0xF7	; 247

00000a58 <.L86>:
     a58:	8e bd       	out	0x2e, r24	; 46
     a5a:	8f b5       	in	r24, 0x2f	; 47
     a5c:	82 60       	ori	r24, 0x02	; 2
     a5e:	8f bd       	out	0x2f, r24	; 47
     a60:	8f b5       	in	r24, 0x2f	; 47
     a62:	81 60       	ori	r24, 0x01	; 1
     a64:	8f bd       	out	0x2f, r24	; 47
     a66:	21 30       	cpi	r18, 0x01	; 1
     a68:	08 f0       	brcs	.+2      	; 0xa6c <L0^A+0x2>

00000a6a <L0^A>:
     a6a:	fe c0       	rjmp	.+508    	; 0xc68 <.L24>
     a6c:	8f b5       	in	r24, 0x2f	; 47
     a6e:	80 68       	ori	r24, 0x80	; 128
     a70:	8f bd       	out	0x2f, r24	; 47
     a72:	8f b5       	in	r24, 0x2f	; 47
     a74:	8f 7b       	andi	r24, 0xBF	; 191
     a76:	8f bd       	out	0x2f, r24	; 47
     a78:	10 92 86 00 	sts	0x0086, r1	; 0x800086 <StaticPWMoutputMode>

00000a7c <.L54>:
     a7c:	10 92 87 00 	sts	0x0087, r1	; 0x800087 <StaticPWMoutputMode+0x1>
     a80:	10 92 88 00 	sts	0x0088, r1	; 0x800088 <StaticPWMoutputMode+0x2>
     a84:	10 92 89 00 	sts	0x0089, r1	; 0x800089 <StaticPWMoutputMode+0x3>
     a88:	10 92 8a 00 	sts	0x008A, r1	; 0x80008a <StaticPWMoutputMode+0x4>
     a8c:	10 92 8b 00 	sts	0x008B, r1	; 0x80008b <StaticPWMoutputMode+0x5>
     a90:	10 92 8c 00 	sts	0x008C, r1	; 0x80008c <StaticPWMoutputMode+0x6>
     a94:	10 92 8d 00 	sts	0x008D, r1	; 0x80008d <StaticPWMoutputMode+0x7>

00000a98 <.L25>:
     a98:	1b bc       	out	0x2b, r1	; 43
     a9a:	1a bc       	out	0x2a, r1	; 42
     a9c:	8f ef       	ldi	r24, 0xFF	; 255
     a9e:	80 93 7e 00 	sts	0x007E, r24	; 0x80007e <StaticPWMoutputMax>
     aa2:	83 e0       	ldi	r24, 0x03	; 3
     aa4:	92 cf       	rjmp	.-220    	; 0x9ca <.L61>

00000aa6 <.L10>:
     aa6:	87 7f       	andi	r24, 0xF7	; 247
     aa8:	8e bd       	out	0x2e, r24	; 46
     aaa:	8f b5       	in	r24, 0x2f	; 47
     aac:	82 60       	ori	r24, 0x02	; 2
     aae:	8f bd       	out	0x2f, r24	; 47
     ab0:	8f b5       	in	r24, 0x2f	; 47
     ab2:	8e 7f       	andi	r24, 0xFE	; 254
     ab4:	8f bd       	out	0x2f, r24	; 47
     ab6:	21 30       	cpi	r18, 0x01	; 1
     ab8:	08 f0       	brcs	.+2      	; 0xabc <L0^A+0x2>

00000aba <L0^A>:
     aba:	f7 c0       	rjmp	.+494    	; 0xcaa <.L16>
     abc:	8f b5       	in	r24, 0x2f	; 47
     abe:	80 68       	ori	r24, 0x80	; 128
     ac0:	8f bd       	out	0x2f, r24	; 47
     ac2:	8f b5       	in	r24, 0x2f	; 47
     ac4:	8f 7b       	andi	r24, 0xBF	; 191
     ac6:	8f bd       	out	0x2f, r24	; 47

00000ac8 <.L17>:
     ac8:	1b bc       	out	0x2b, r1	; 43
     aca:	1a bc       	out	0x2a, r1	; 42
     acc:	8f ef       	ldi	r24, 0xFF	; 255
     ace:	80 93 86 00 	sts	0x0086, r24	; 0x800086 <StaticPWMoutputMode>
     ad2:	81 e0       	ldi	r24, 0x01	; 1
     ad4:	80 93 87 00 	sts	0x0087, r24	; 0x800087 <StaticPWMoutputMode+0x1>
     ad8:	10 92 88 00 	sts	0x0088, r1	; 0x800088 <StaticPWMoutputMode+0x2>
     adc:	10 92 89 00 	sts	0x0089, r1	; 0x800089 <StaticPWMoutputMode+0x3>
     ae0:	10 92 8a 00 	sts	0x008A, r1	; 0x80008a <StaticPWMoutputMode+0x4>
     ae4:	10 92 8b 00 	sts	0x008B, r1	; 0x80008b <StaticPWMoutputMode+0x5>
     ae8:	10 92 8c 00 	sts	0x008C, r1	; 0x80008c <StaticPWMoutputMode+0x6>
     aec:	10 92 8d 00 	sts	0x008D, r1	; 0x80008d <StaticPWMoutputMode+0x7>
     af0:	07 cf       	rjmp	.-498    	; 0x900 <.L13>

00000af2 <.L11>:
     af2:	87 7f       	andi	r24, 0xF7	; 247
     af4:	7a cf       	rjmp	.-268    	; 0x9ea <.L84>

00000af6 <.L12>:
     af6:	87 7f       	andi	r24, 0xF7	; 247
     af8:	8e bd       	out	0x2e, r24	; 46
     afa:	8f b5       	in	r24, 0x2f	; 47
     afc:	8d 7f       	andi	r24, 0xFD	; 253
     afe:	8f bd       	out	0x2f, r24	; 47
     b00:	8f b5       	in	r24, 0x2f	; 47
     b02:	8e 7f       	andi	r24, 0xFE	; 254
     b04:	8f bd       	out	0x2f, r24	; 47
     b06:	5d bd       	out	0x2d, r21	; 45
     b08:	6c bd       	out	0x2c, r22	; 44
     b0a:	89 b7       	in	r24, 0x39	; 57
     b0c:	84 60       	ori	r24, 0x04	; 4
     b0e:	89 bf       	out	0x39, r24	; 57
     b10:	f7 ce       	rjmp	.-530    	; 0x900 <.L13>

00000b12 <.L4>:
     b12:	88 60       	ori	r24, 0x08	; 8
     b14:	a1 cf       	rjmp	.-190    	; 0xa58 <.L86>

00000b16 <.L26>:
     b16:	8e b5       	in	r24, 0x2e	; 46
     b18:	88 60       	ori	r24, 0x08	; 8

00000b1a <.L80>:
     b1a:	8e bd       	out	0x2e, r24	; 46
     b1c:	8f b5       	in	r24, 0x2f	; 47
     b1e:	82 60       	ori	r24, 0x02	; 2

00000b20 <.L82>:
     b20:	8f bd       	out	0x2f, r24	; 47
     b22:	8f b5       	in	r24, 0x2f	; 47
     b24:	81 60       	ori	r24, 0x01	; 1
     b26:	8f bd       	out	0x2f, r24	; 47
     b28:	21 30       	cpi	r18, 0x01	; 1
     b2a:	08 f0       	brcs	.+2      	; 0xb2e <L0^A+0x2>

00000b2c <L0^A>:
     b2c:	92 c0       	rjmp	.+292    	; 0xc52 <.L44>
     b2e:	8f b5       	in	r24, 0x2f	; 47
     b30:	80 68       	ori	r24, 0x80	; 128
     b32:	8f bd       	out	0x2f, r24	; 47
     b34:	8f b5       	in	r24, 0x2f	; 47
     b36:	8f 7b       	andi	r24, 0xBF	; 191
     b38:	8f bd       	out	0x2f, r24	; 47
     b3a:	10 92 86 00 	sts	0x0086, r1	; 0x800086 <StaticPWMoutputMode>

00000b3e <.L60>:
     b3e:	10 92 87 00 	sts	0x0087, r1	; 0x800087 <StaticPWMoutputMode+0x1>
     b42:	10 92 88 00 	sts	0x0088, r1	; 0x800088 <StaticPWMoutputMode+0x2>
     b46:	10 92 89 00 	sts	0x0089, r1	; 0x800089 <StaticPWMoutputMode+0x3>
     b4a:	10 92 8a 00 	sts	0x008A, r1	; 0x80008a <StaticPWMoutputMode+0x4>
     b4e:	10 92 8b 00 	sts	0x008B, r1	; 0x80008b <StaticPWMoutputMode+0x5>
     b52:	10 92 8c 00 	sts	0x008C, r1	; 0x80008c <StaticPWMoutputMode+0x6>
     b56:	10 92 8d 00 	sts	0x008D, r1	; 0x80008d <StaticPWMoutputMode+0x7>

00000b5a <.L45>:
     b5a:	1b bc       	out	0x2b, r1	; 43
     b5c:	1a bc       	out	0x2a, r1	; 42
     b5e:	8f ef       	ldi	r24, 0xFF	; 255
     b60:	80 93 7e 00 	sts	0x007E, r24	; 0x80007e <StaticPWMoutputMax>
     b64:	32 cf       	rjmp	.-412    	; 0x9ca <.L61>

00000b66 <.L28>:
     b66:	8e b5       	in	r24, 0x2e	; 46
     b68:	88 60       	ori	r24, 0x08	; 8

00000b6a <.L78>:
     b6a:	8e bd       	out	0x2e, r24	; 46
     b6c:	8f b5       	in	r24, 0x2f	; 47
     b6e:	82 60       	ori	r24, 0x02	; 2
     b70:	8f bd       	out	0x2f, r24	; 47
     b72:	8f b5       	in	r24, 0x2f	; 47
     b74:	8e 7f       	andi	r24, 0xFE	; 254
     b76:	8f bd       	out	0x2f, r24	; 47
     b78:	21 30       	cpi	r18, 0x01	; 1
     b7a:	08 f0       	brcs	.+2      	; 0xb7e <L0^A+0x2>

00000b7c <L0^A>:
     b7c:	8b c0       	rjmp	.+278    	; 0xc94 <.L42>
     b7e:	8f b5       	in	r24, 0x2f	; 47
     b80:	80 68       	ori	r24, 0x80	; 128
     b82:	8f bd       	out	0x2f, r24	; 47
     b84:	8f b5       	in	r24, 0x2f	; 47
     b86:	8f 7b       	andi	r24, 0xBF	; 191
     b88:	8f bd       	out	0x2f, r24	; 47
     b8a:	10 92 86 00 	sts	0x0086, r1	; 0x800086 <StaticPWMoutputMode>

00000b8e <.L59>:
     b8e:	10 92 87 00 	sts	0x0087, r1	; 0x800087 <StaticPWMoutputMode+0x1>
     b92:	10 92 88 00 	sts	0x0088, r1	; 0x800088 <StaticPWMoutputMode+0x2>
     b96:	10 92 89 00 	sts	0x0089, r1	; 0x800089 <StaticPWMoutputMode+0x3>
     b9a:	10 92 8a 00 	sts	0x008A, r1	; 0x80008a <StaticPWMoutputMode+0x4>
     b9e:	10 92 8b 00 	sts	0x008B, r1	; 0x80008b <StaticPWMoutputMode+0x5>
     ba2:	10 92 8c 00 	sts	0x008C, r1	; 0x80008c <StaticPWMoutputMode+0x6>
     ba6:	10 92 8d 00 	sts	0x008D, r1	; 0x80008d <StaticPWMoutputMode+0x7>

00000baa <.L43>:
     baa:	1b bc       	out	0x2b, r1	; 43
     bac:	1a bc       	out	0x2a, r1	; 42
     bae:	8f ef       	ldi	r24, 0xFF	; 255
     bb0:	80 93 7e 00 	sts	0x007E, r24	; 0x80007e <StaticPWMoutputMax>
     bb4:	80 93 7f 00 	sts	0x007F, r24	; 0x80007f <StaticPWMoutputMax+0x1>
     bb8:	10 92 80 00 	sts	0x0080, r1	; 0x800080 <StaticPWMoutputMax+0x2>
     bbc:	10 92 81 00 	sts	0x0081, r1	; 0x800081 <StaticPWMoutputMax+0x3>
     bc0:	10 92 82 00 	sts	0x0082, r1	; 0x800082 <StaticPWMoutputMax+0x4>
     bc4:	10 92 83 00 	sts	0x0083, r1	; 0x800083 <StaticPWMoutputMax+0x5>
     bc8:	10 92 84 00 	sts	0x0084, r1	; 0x800084 <StaticPWMoutputMax+0x6>
     bcc:	10 92 85 00 	sts	0x0085, r1	; 0x800085 <StaticPWMoutputMax+0x7>

00000bd0 <.L62>:
     bd0:	37 bd       	out	0x27, r19	; 39
     bd2:	96 bd       	out	0x26, r25	; 38
     bd4:	89 b7       	in	r24, 0x39	; 57
     bd6:	80 62       	ori	r24, 0x20	; 32
     bd8:	89 bf       	out	0x39, r24	; 57
     bda:	92 ce       	rjmp	.-732    	; 0x900 <.L13>

00000bdc <.L29>:
     bdc:	8e b5       	in	r24, 0x2e	; 46
     bde:	88 60       	ori	r24, 0x08	; 8
     be0:	8e bd       	out	0x2e, r24	; 46
     be2:	8f b5       	in	r24, 0x2f	; 47
     be4:	8d 7f       	andi	r24, 0xFD	; 253
     be6:	8f bd       	out	0x2f, r24	; 47
     be8:	8f b5       	in	r24, 0x2f	; 47
     bea:	8e 7f       	andi	r24, 0xFE	; 254
     bec:	8f bd       	out	0x2f, r24	; 47
     bee:	f0 cf       	rjmp	.-32     	; 0xbd0 <.L62>

00000bf0 <.L30>:
     bf0:	8e b5       	in	r24, 0x2e	; 46
     bf2:	87 7f       	andi	r24, 0xF7	; 247
     bf4:	92 cf       	rjmp	.-220    	; 0xb1a <.L80>

00000bf6 <.L31>:
     bf6:	8e b5       	in	r24, 0x2e	; 46
     bf8:	87 7f       	andi	r24, 0xF7	; 247
     bfa:	b7 cf       	rjmp	.-146    	; 0xb6a <.L78>

00000bfc <.L32>:
     bfc:	8e b5       	in	r24, 0x2e	; 46
     bfe:	87 7f       	andi	r24, 0xF7	; 247
     c00:	8e bd       	out	0x2e, r24	; 46
     c02:	8f b5       	in	r24, 0x2f	; 47
     c04:	8d 7f       	andi	r24, 0xFD	; 253
     c06:	8c cf       	rjmp	.-232    	; 0xb20 <.L82>

00000c08 <.L33>:
     c08:	8e b5       	in	r24, 0x2e	; 46
     c0a:	87 7f       	andi	r24, 0xF7	; 247
     c0c:	8e bd       	out	0x2e, r24	; 46
     c0e:	8f b5       	in	r24, 0x2f	; 47
     c10:	8d 7f       	andi	r24, 0xFD	; 253
     c12:	8f bd       	out	0x2f, r24	; 47
     c14:	8f b5       	in	r24, 0x2f	; 47
     c16:	8e 7f       	andi	r24, 0xFE	; 254
     c18:	8f bd       	out	0x2f, r24	; 47
     c1a:	21 30       	cpi	r18, 0x01	; 1
     c1c:	08 f0       	brcs	.+2      	; 0xc20 <L0^A+0x2>

00000c1e <L0^A>:
     c1e:	69 c0       	rjmp	.+210    	; 0xcf2 <.L34>
     c20:	8f b5       	in	r24, 0x2f	; 47
     c22:	80 68       	ori	r24, 0x80	; 128
     c24:	8f bd       	out	0x2f, r24	; 47
     c26:	8f b5       	in	r24, 0x2f	; 47
     c28:	8f 7b       	andi	r24, 0xBF	; 191
     c2a:	8f bd       	out	0x2f, r24	; 47
     c2c:	10 92 86 00 	sts	0x0086, r1	; 0x800086 <StaticPWMoutputMode>

00000c30 <.L55>:
     c30:	10 92 87 00 	sts	0x0087, r1	; 0x800087 <StaticPWMoutputMode+0x1>
     c34:	10 92 88 00 	sts	0x0088, r1	; 0x800088 <StaticPWMoutputMode+0x2>
     c38:	10 92 89 00 	sts	0x0089, r1	; 0x800089 <StaticPWMoutputMode+0x3>
     c3c:	10 92 8a 00 	sts	0x008A, r1	; 0x80008a <StaticPWMoutputMode+0x4>
     c40:	10 92 8b 00 	sts	0x008B, r1	; 0x80008b <StaticPWMoutputMode+0x5>
     c44:	10 92 8c 00 	sts	0x008C, r1	; 0x80008c <StaticPWMoutputMode+0x6>
     c48:	10 92 8d 00 	sts	0x008D, r1	; 0x80008d <StaticPWMoutputMode+0x7>

00000c4c <.L35>:
     c4c:	1b bc       	out	0x2b, r1	; 43
     c4e:	1a bc       	out	0x2a, r1	; 42
     c50:	bf cf       	rjmp	.-130    	; 0xbd0 <.L62>

00000c52 <.L44>:
     c52:	09 f0       	breq	.+2      	; 0xc56 <L0^A+0x2>

00000c54 <L0^A>:
     c54:	82 cf       	rjmp	.-252    	; 0xb5a <.L45>
     c56:	8f b5       	in	r24, 0x2f	; 47
     c58:	80 68       	ori	r24, 0x80	; 128
     c5a:	8f bd       	out	0x2f, r24	; 47
     c5c:	8f b5       	in	r24, 0x2f	; 47
     c5e:	80 64       	ori	r24, 0x40	; 64
     c60:	8f bd       	out	0x2f, r24	; 47
     c62:	20 93 86 00 	sts	0x0086, r18	; 0x800086 <StaticPWMoutputMode>
     c66:	6b cf       	rjmp	.-298    	; 0xb3e <.L60>

00000c68 <.L24>:
     c68:	09 f0       	breq	.+2      	; 0xc6c <L0^A+0x2>

00000c6a <L0^A>:
     c6a:	16 cf       	rjmp	.-468    	; 0xa98 <.L25>
     c6c:	8f b5       	in	r24, 0x2f	; 47
     c6e:	80 68       	ori	r24, 0x80	; 128
     c70:	8f bd       	out	0x2f, r24	; 47
     c72:	8f b5       	in	r24, 0x2f	; 47
     c74:	80 64       	ori	r24, 0x40	; 64
     c76:	8f bd       	out	0x2f, r24	; 47
     c78:	20 93 86 00 	sts	0x0086, r18	; 0x800086 <StaticPWMoutputMode>
     c7c:	ff ce       	rjmp	.-514    	; 0xa7c <.L54>

00000c7e <.L20>:
     c7e:	09 f0       	breq	.+2      	; 0xc82 <L0^A+0x2>

00000c80 <L0^A>:
     c80:	d4 ce       	rjmp	.-600    	; 0xa2a <.L21>
     c82:	8f b5       	in	r24, 0x2f	; 47
     c84:	80 68       	ori	r24, 0x80	; 128
     c86:	8f bd       	out	0x2f, r24	; 47
     c88:	8f b5       	in	r24, 0x2f	; 47
     c8a:	80 64       	ori	r24, 0x40	; 64
     c8c:	8f bd       	out	0x2f, r24	; 47
     c8e:	20 93 86 00 	sts	0x0086, r18	; 0x800086 <StaticPWMoutputMode>
     c92:	bd ce       	rjmp	.-646    	; 0xa0e <.L52>

00000c94 <.L42>:
     c94:	09 f0       	breq	.+2      	; 0xc98 <L0^A+0x2>

00000c96 <L0^A>:
     c96:	89 cf       	rjmp	.-238    	; 0xbaa <.L43>
     c98:	8f b5       	in	r24, 0x2f	; 47
     c9a:	80 68       	ori	r24, 0x80	; 128
     c9c:	8f bd       	out	0x2f, r24	; 47
     c9e:	8f b5       	in	r24, 0x2f	; 47
     ca0:	80 64       	ori	r24, 0x40	; 64
     ca2:	8f bd       	out	0x2f, r24	; 47
     ca4:	20 93 86 00 	sts	0x0086, r18	; 0x800086 <StaticPWMoutputMode>
     ca8:	72 cf       	rjmp	.-284    	; 0xb8e <.L59>

00000caa <.L16>:
     caa:	09 f0       	breq	.+2      	; 0xcae <L0^A+0x2>

00000cac <L0^A>:
     cac:	0d cf       	rjmp	.-486    	; 0xac8 <.L17>
     cae:	8f b5       	in	r24, 0x2f	; 47
     cb0:	80 68       	ori	r24, 0x80	; 128
     cb2:	8f bd       	out	0x2f, r24	; 47
     cb4:	8f b5       	in	r24, 0x2f	; 47
     cb6:	80 64       	ori	r24, 0x40	; 64
     cb8:	8f bd       	out	0x2f, r24	; 47
     cba:	20 93 7e 00 	sts	0x007E, r18	; 0x80007e <StaticPWMoutputMax>
     cbe:	10 92 7f 00 	sts	0x007F, r1	; 0x80007f <StaticPWMoutputMax+0x1>
     cc2:	10 92 80 00 	sts	0x0080, r1	; 0x800080 <StaticPWMoutputMax+0x2>
     cc6:	10 92 81 00 	sts	0x0081, r1	; 0x800081 <StaticPWMoutputMax+0x3>
     cca:	10 92 82 00 	sts	0x0082, r1	; 0x800082 <StaticPWMoutputMax+0x4>
     cce:	10 92 83 00 	sts	0x0083, r1	; 0x800083 <StaticPWMoutputMax+0x5>
     cd2:	10 92 84 00 	sts	0x0084, r1	; 0x800084 <StaticPWMoutputMax+0x6>
     cd6:	10 92 85 00 	sts	0x0085, r1	; 0x800085 <StaticPWMoutputMax+0x7>
     cda:	f6 ce       	rjmp	.-532    	; 0xac8 <.L17>

00000cdc <.L22>:
     cdc:	09 f0       	breq	.+2      	; 0xce0 <L0^A+0x2>

00000cde <L0^A>:
     cde:	6f ce       	rjmp	.-802    	; 0x9be <.L23>
     ce0:	8f b5       	in	r24, 0x2f	; 47
     ce2:	80 68       	ori	r24, 0x80	; 128
     ce4:	8f bd       	out	0x2f, r24	; 47
     ce6:	8f b5       	in	r24, 0x2f	; 47
     ce8:	80 64       	ori	r24, 0x40	; 64
     cea:	8f bd       	out	0x2f, r24	; 47
     cec:	20 93 86 00 	sts	0x0086, r18	; 0x800086 <StaticPWMoutputMode>
     cf0:	58 ce       	rjmp	.-848    	; 0x9a2 <.L53>

00000cf2 <.L34>:
     cf2:	09 f0       	breq	.+2      	; 0xcf6 <L0^A+0x2>

00000cf4 <L0^A>:
     cf4:	ab cf       	rjmp	.-170    	; 0xc4c <.L35>
     cf6:	8f b5       	in	r24, 0x2f	; 47
     cf8:	80 68       	ori	r24, 0x80	; 128
     cfa:	8f bd       	out	0x2f, r24	; 47
     cfc:	8f b5       	in	r24, 0x2f	; 47
     cfe:	80 64       	ori	r24, 0x40	; 64
     d00:	8f bd       	out	0x2f, r24	; 47
     d02:	20 93 86 00 	sts	0x0086, r18	; 0x800086 <StaticPWMoutputMode>
     d06:	94 cf       	rjmp	.-216    	; 0xc30 <.L55>

00000d08 <TIMER1_Start>:
     d08:	81 15       	cp	r24, r1
     d0a:	21 f0       	breq	.+8      	; 0xd14 <.L93>
     d0c:	9e b5       	in	r25, 0x2e	; 46
     d0e:	98 7f       	andi	r25, 0xF8	; 248
     d10:	89 2b       	or	r24, r25
     d12:	8e bd       	out	0x2e, r24	; 46

00000d14 <.L93>:
     d14:	08 95       	ret

00000d16 <TIMER1_Stop>:
     d16:	8e b5       	in	r24, 0x2e	; 46
     d18:	88 7f       	andi	r24, 0xF8	; 248
     d1a:	8e bd       	out	0x2e, r24	; 46
     d1c:	08 95       	ret

00000d1e <TIMER1_set_preloadValue>:
     d1e:	9d bd       	out	0x2d, r25	; 45
     d20:	8c bd       	out	0x2c, r24	; 44
     d22:	08 95       	ret

00000d24 <TIMER1_comparevalue>:
     d24:	9b bd       	out	0x2b, r25	; 43
     d26:	8a bd       	out	0x2a, r24	; 42
     d28:	08 95       	ret

00000d2a <TIMER1_SetpwmDutyCycle>:
     d2a:	af 92       	push	r10
     d2c:	bf 92       	push	r11
     d2e:	cf 92       	push	r12
     d30:	df 92       	push	r13
     d32:	ef 92       	push	r14
     d34:	ff 92       	push	r15
     d36:	0f 93       	push	r16
     d38:	1f 93       	push	r17
     d3a:	cf 93       	push	r28
     d3c:	df 93       	push	r29
     d3e:	0f 92       	push	r0
     d40:	cd b7       	in	r28, 0x3d	; 61
     d42:	de b7       	in	r29, 0x3e	; 62
     d44:	e8 2f       	mov	r30, r24
     d46:	85 36       	cpi	r24, 0x65	; 101
     d48:	b8 f5       	brcc	.+110    	; 0xdb8 <.L101>
     d4a:	20 91 86 00 	lds	r18, 0x0086	; 0x800086 <StaticPWMoutputMode>
     d4e:	30 91 87 00 	lds	r19, 0x0087	; 0x800087 <StaticPWMoutputMode+0x1>
     d52:	40 91 88 00 	lds	r20, 0x0088	; 0x800088 <StaticPWMoutputMode+0x2>
     d56:	50 91 89 00 	lds	r21, 0x0089	; 0x800089 <StaticPWMoutputMode+0x3>
     d5a:	60 91 8a 00 	lds	r22, 0x008A	; 0x80008a <StaticPWMoutputMode+0x4>
     d5e:	70 91 8b 00 	lds	r23, 0x008B	; 0x80008b <StaticPWMoutputMode+0x5>
     d62:	80 91 8c 00 	lds	r24, 0x008C	; 0x80008c <StaticPWMoutputMode+0x6>
     d66:	90 91 8d 00 	lds	r25, 0x008D	; 0x80008d <StaticPWMoutputMode+0x7>
     d6a:	a0 e0       	ldi	r26, 0x00	; 0
     d6c:	0e 94 30 09 	call	0x1260	; 0x1260 <__cmpdi2_s8>
     d70:	79 f5       	brne	.+94     	; 0xdd0 <.L103>
     d72:	a0 90 7e 00 	lds	r10, 0x007E	; 0x80007e <StaticPWMoutputMax>
     d76:	b0 90 7f 00 	lds	r11, 0x007F	; 0x80007f <StaticPWMoutputMax+0x1>
     d7a:	c0 90 80 00 	lds	r12, 0x0080	; 0x800080 <StaticPWMoutputMax+0x2>
     d7e:	d0 90 81 00 	lds	r13, 0x0081	; 0x800081 <StaticPWMoutputMax+0x3>
     d82:	e0 90 82 00 	lds	r14, 0x0082	; 0x800082 <StaticPWMoutputMax+0x4>
     d86:	f0 90 83 00 	lds	r15, 0x0083	; 0x800083 <StaticPWMoutputMax+0x5>
     d8a:	00 91 84 00 	lds	r16, 0x0084	; 0x800084 <StaticPWMoutputMax+0x6>
     d8e:	10 91 85 00 	lds	r17, 0x0085	; 0x800085 <StaticPWMoutputMax+0x7>
     d92:	2e 2f       	mov	r18, r30
     d94:	30 e0       	ldi	r19, 0x00	; 0
     d96:	40 e0       	ldi	r20, 0x00	; 0
     d98:	50 e0       	ldi	r21, 0x00	; 0
     d9a:	ba 01       	movw	r22, r20
     d9c:	ca 01       	movw	r24, r20
     d9e:	0e 94 79 08 	call	0x10f2	; 0x10f2 <__muldi3>
     da2:	f4 e6       	ldi	r31, 0x64	; 100
     da4:	af 2e       	mov	r10, r31
     da6:	b1 2c       	mov	r11, r1
     da8:	c1 2c       	mov	r12, r1
     daa:	d1 2c       	mov	r13, r1
     dac:	76 01       	movw	r14, r12
     dae:	86 01       	movw	r16, r12
     db0:	0e 94 d3 08 	call	0x11a6	; 0x11a6 <__udivdi3>

00000db4 <.L104>:
     db4:	1b bc       	out	0x2b, r1	; 43
     db6:	2a bd       	out	0x2a, r18	; 42

00000db8 <.L101>:
     db8:	0f 90       	pop	r0
     dba:	df 91       	pop	r29
     dbc:	cf 91       	pop	r28
     dbe:	1f 91       	pop	r17
     dc0:	0f 91       	pop	r16
     dc2:	ff 90       	pop	r15
     dc4:	ef 90       	pop	r14
     dc6:	df 90       	pop	r13
     dc8:	cf 90       	pop	r12
     dca:	bf 90       	pop	r11
     dcc:	af 90       	pop	r10
     dce:	08 95       	ret

00000dd0 <.L103>:
     dd0:	20 91 86 00 	lds	r18, 0x0086	; 0x800086 <StaticPWMoutputMode>
     dd4:	30 91 87 00 	lds	r19, 0x0087	; 0x800087 <StaticPWMoutputMode+0x1>
     dd8:	40 91 88 00 	lds	r20, 0x0088	; 0x800088 <StaticPWMoutputMode+0x2>
     ddc:	50 91 89 00 	lds	r21, 0x0089	; 0x800089 <StaticPWMoutputMode+0x3>
     de0:	60 91 8a 00 	lds	r22, 0x008A	; 0x80008a <StaticPWMoutputMode+0x4>
     de4:	70 91 8b 00 	lds	r23, 0x008B	; 0x80008b <StaticPWMoutputMode+0x5>
     de8:	80 91 8c 00 	lds	r24, 0x008C	; 0x80008c <StaticPWMoutputMode+0x6>
     dec:	90 91 8d 00 	lds	r25, 0x008D	; 0x80008d <StaticPWMoutputMode+0x7>
     df0:	a1 e0       	ldi	r26, 0x01	; 1
     df2:	0e 94 30 09 	call	0x1260	; 0x1260 <__cmpdi2_s8>
     df6:	11 f0       	breq	.+4      	; 0xdfc <.L106>
     df8:	20 e0       	ldi	r18, 0x00	; 0
     dfa:	dc cf       	rjmp	.-72     	; 0xdb4 <.L104>

00000dfc <.L106>:
     dfc:	80 91 7e 00 	lds	r24, 0x007E	; 0x80007e <StaticPWMoutputMax>
     e00:	89 83       	std	Y+1, r24	; 0x01
     e02:	b0 90 7f 00 	lds	r11, 0x007F	; 0x80007f <StaticPWMoutputMax+0x1>
     e06:	c0 90 80 00 	lds	r12, 0x0080	; 0x800080 <StaticPWMoutputMax+0x2>
     e0a:	d0 90 81 00 	lds	r13, 0x0081	; 0x800081 <StaticPWMoutputMax+0x3>
     e0e:	e0 90 82 00 	lds	r14, 0x0082	; 0x800082 <StaticPWMoutputMax+0x4>
     e12:	f0 90 83 00 	lds	r15, 0x0083	; 0x800083 <StaticPWMoutputMax+0x5>
     e16:	00 91 84 00 	lds	r16, 0x0084	; 0x800084 <StaticPWMoutputMax+0x6>
     e1a:	10 91 85 00 	lds	r17, 0x0085	; 0x800085 <StaticPWMoutputMax+0x7>
     e1e:	a8 2e       	mov	r10, r24
     e20:	2e 2f       	mov	r18, r30
     e22:	30 e0       	ldi	r19, 0x00	; 0
     e24:	40 e0       	ldi	r20, 0x00	; 0
     e26:	50 e0       	ldi	r21, 0x00	; 0
     e28:	ba 01       	movw	r22, r20
     e2a:	ca 01       	movw	r24, r20
     e2c:	0e 94 79 08 	call	0x10f2	; 0x10f2 <__muldi3>
     e30:	e4 e6       	ldi	r30, 0x64	; 100
     e32:	ae 2e       	mov	r10, r30
     e34:	b1 2c       	mov	r11, r1
     e36:	c1 2c       	mov	r12, r1
     e38:	d1 2c       	mov	r13, r1
     e3a:	76 01       	movw	r14, r12
     e3c:	86 01       	movw	r16, r12
     e3e:	0e 94 d3 08 	call	0x11a6	; 0x11a6 <__udivdi3>
     e42:	89 81       	ldd	r24, Y+1	; 0x01
     e44:	82 1b       	sub	r24, r18
     e46:	28 2f       	mov	r18, r24
     e48:	b5 cf       	rjmp	.-150    	; 0xdb4 <.L104>

00000e4a <TIMER1_captureEvent>:
     e4a:	97 bd       	out	0x27, r25	; 39
     e4c:	86 bd       	out	0x26, r24	; 38
     e4e:	08 95       	ret

00000e50 <TIMER1_SETcallBackFunction>:
     e50:	81 30       	cpi	r24, 0x01	; 1
     e52:	40 f4       	brcc	.+16     	; 0xe64 <.L109>
     e54:	61 15       	cp	r22, r1
     e56:	71 05       	cpc	r23, r1
     e58:	51 f0       	breq	.+20     	; 0xe6e <.L108>
     e5a:	60 93 94 00 	sts	0x0094, r22	; 0x800094 <TIMER1_OverFlow_Callback>
     e5e:	70 93 95 00 	sts	0x0095, r23	; 0x800095 <TIMER1_OverFlow_Callback+0x1>
     e62:	08 95       	ret

00000e64 <.L109>:
     e64:	29 f0       	breq	.+10     	; 0xe70 <.L125>
     e66:	82 30       	cpi	r24, 0x02	; 2
     e68:	99 f0       	breq	.+38     	; 0xe90 <.L126>
     e6a:	83 30       	cpi	r24, 0x03	; 3
     e6c:	49 f0       	breq	.+18     	; 0xe80 <.L127>

00000e6e <.L108>:
     e6e:	08 95       	ret

00000e70 <.L125>:
     e70:	61 15       	cp	r22, r1
     e72:	71 05       	cpc	r23, r1
     e74:	e1 f3       	breq	.-8      	; 0xe6e <.L108>
     e76:	60 93 92 00 	sts	0x0092, r22	; 0x800092 <TIMER1_CTCA_Callback>
     e7a:	70 93 93 00 	sts	0x0093, r23	; 0x800093 <TIMER1_CTCA_Callback+0x1>
     e7e:	08 95       	ret

00000e80 <.L127>:
     e80:	61 15       	cp	r22, r1
     e82:	71 05       	cpc	r23, r1
     e84:	a1 f3       	breq	.-24     	; 0xe6e <.L108>
     e86:	60 93 8e 00 	sts	0x008E, r22	; 0x80008e <TIMER1_CaptureEvent_Callback>
     e8a:	70 93 8f 00 	sts	0x008F, r23	; 0x80008f <TIMER1_CaptureEvent_Callback+0x1>
     e8e:	08 95       	ret

00000e90 <.L126>:
     e90:	61 15       	cp	r22, r1
     e92:	71 05       	cpc	r23, r1
     e94:	61 f3       	breq	.-40     	; 0xe6e <.L108>
     e96:	60 93 90 00 	sts	0x0090, r22	; 0x800090 <TIMER1_CTCB_Callback>
     e9a:	70 93 91 00 	sts	0x0091, r23	; 0x800091 <TIMER1_CTCB_Callback+0x1>
     e9e:	08 95       	ret

00000ea0 <__vector_6>:
     ea0:	1f 92       	push	r1
     ea2:	0f 92       	push	r0
     ea4:	0f b6       	in	r0, 0x3f	; 63
     ea6:	0f 92       	push	r0
     ea8:	11 24       	eor	r1, r1
     eaa:	2f 93       	push	r18
     eac:	3f 93       	push	r19
     eae:	4f 93       	push	r20
     eb0:	5f 93       	push	r21
     eb2:	6f 93       	push	r22
     eb4:	7f 93       	push	r23
     eb6:	8f 93       	push	r24
     eb8:	9f 93       	push	r25
     eba:	af 93       	push	r26
     ebc:	bf 93       	push	r27
     ebe:	ef 93       	push	r30
     ec0:	ff 93       	push	r31
     ec2:	e0 91 8e 00 	lds	r30, 0x008E	; 0x80008e <TIMER1_CaptureEvent_Callback>
     ec6:	f0 91 8f 00 	lds	r31, 0x008F	; 0x80008f <TIMER1_CaptureEvent_Callback+0x1>
     eca:	30 97       	sbiw	r30, 0x00	; 0
     ecc:	09 f0       	breq	.+2      	; 0xed0 <.L128>
     ece:	09 95       	icall

00000ed0 <.L128>:
     ed0:	ff 91       	pop	r31
     ed2:	ef 91       	pop	r30
     ed4:	bf 91       	pop	r27
     ed6:	af 91       	pop	r26
     ed8:	9f 91       	pop	r25
     eda:	8f 91       	pop	r24
     edc:	7f 91       	pop	r23
     ede:	6f 91       	pop	r22
     ee0:	5f 91       	pop	r21
     ee2:	4f 91       	pop	r20
     ee4:	3f 91       	pop	r19
     ee6:	2f 91       	pop	r18
     ee8:	0f 90       	pop	r0
     eea:	0f be       	out	0x3f, r0	; 63
     eec:	0f 90       	pop	r0
     eee:	1f 90       	pop	r1
     ef0:	18 95       	reti

00000ef2 <__vector_7>:
     ef2:	1f 92       	push	r1
     ef4:	0f 92       	push	r0
     ef6:	0f b6       	in	r0, 0x3f	; 63
     ef8:	0f 92       	push	r0
     efa:	11 24       	eor	r1, r1
     efc:	2f 93       	push	r18
     efe:	3f 93       	push	r19
     f00:	4f 93       	push	r20
     f02:	5f 93       	push	r21
     f04:	6f 93       	push	r22
     f06:	7f 93       	push	r23
     f08:	8f 93       	push	r24
     f0a:	9f 93       	push	r25
     f0c:	af 93       	push	r26
     f0e:	bf 93       	push	r27
     f10:	ef 93       	push	r30
     f12:	ff 93       	push	r31
     f14:	e0 91 92 00 	lds	r30, 0x0092	; 0x800092 <TIMER1_CTCA_Callback>
     f18:	f0 91 93 00 	lds	r31, 0x0093	; 0x800093 <TIMER1_CTCA_Callback+0x1>
     f1c:	30 97       	sbiw	r30, 0x00	; 0
     f1e:	09 f0       	breq	.+2      	; 0xf22 <.L133>
     f20:	09 95       	icall

00000f22 <.L133>:
     f22:	ff 91       	pop	r31
     f24:	ef 91       	pop	r30
     f26:	bf 91       	pop	r27
     f28:	af 91       	pop	r26
     f2a:	9f 91       	pop	r25
     f2c:	8f 91       	pop	r24
     f2e:	7f 91       	pop	r23
     f30:	6f 91       	pop	r22
     f32:	5f 91       	pop	r21
     f34:	4f 91       	pop	r20
     f36:	3f 91       	pop	r19
     f38:	2f 91       	pop	r18
     f3a:	0f 90       	pop	r0
     f3c:	0f be       	out	0x3f, r0	; 63
     f3e:	0f 90       	pop	r0
     f40:	1f 90       	pop	r1
     f42:	18 95       	reti

00000f44 <__vector_8>:
     f44:	1f 92       	push	r1
     f46:	0f 92       	push	r0
     f48:	0f b6       	in	r0, 0x3f	; 63
     f4a:	0f 92       	push	r0
     f4c:	11 24       	eor	r1, r1
     f4e:	2f 93       	push	r18
     f50:	3f 93       	push	r19
     f52:	4f 93       	push	r20
     f54:	5f 93       	push	r21
     f56:	6f 93       	push	r22
     f58:	7f 93       	push	r23
     f5a:	8f 93       	push	r24
     f5c:	9f 93       	push	r25
     f5e:	af 93       	push	r26
     f60:	bf 93       	push	r27
     f62:	ef 93       	push	r30
     f64:	ff 93       	push	r31
     f66:	e0 91 90 00 	lds	r30, 0x0090	; 0x800090 <TIMER1_CTCB_Callback>
     f6a:	f0 91 91 00 	lds	r31, 0x0091	; 0x800091 <TIMER1_CTCB_Callback+0x1>
     f6e:	30 97       	sbiw	r30, 0x00	; 0
     f70:	09 f0       	breq	.+2      	; 0xf74 <.L138>
     f72:	09 95       	icall

00000f74 <.L138>:
     f74:	ff 91       	pop	r31
     f76:	ef 91       	pop	r30
     f78:	bf 91       	pop	r27
     f7a:	af 91       	pop	r26
     f7c:	9f 91       	pop	r25
     f7e:	8f 91       	pop	r24
     f80:	7f 91       	pop	r23
     f82:	6f 91       	pop	r22
     f84:	5f 91       	pop	r21
     f86:	4f 91       	pop	r20
     f88:	3f 91       	pop	r19
     f8a:	2f 91       	pop	r18
     f8c:	0f 90       	pop	r0
     f8e:	0f be       	out	0x3f, r0	; 63
     f90:	0f 90       	pop	r0
     f92:	1f 90       	pop	r1
     f94:	18 95       	reti

00000f96 <__vector_9>:
     f96:	1f 92       	push	r1
     f98:	0f 92       	push	r0
     f9a:	0f b6       	in	r0, 0x3f	; 63
     f9c:	0f 92       	push	r0
     f9e:	11 24       	eor	r1, r1
     fa0:	2f 93       	push	r18
     fa2:	3f 93       	push	r19
     fa4:	4f 93       	push	r20
     fa6:	5f 93       	push	r21
     fa8:	6f 93       	push	r22
     faa:	7f 93       	push	r23
     fac:	8f 93       	push	r24
     fae:	9f 93       	push	r25
     fb0:	af 93       	push	r26
     fb2:	bf 93       	push	r27
     fb4:	ef 93       	push	r30
     fb6:	ff 93       	push	r31
     fb8:	e0 91 94 00 	lds	r30, 0x0094	; 0x800094 <TIMER1_OverFlow_Callback>
     fbc:	f0 91 95 00 	lds	r31, 0x0095	; 0x800095 <TIMER1_OverFlow_Callback+0x1>
     fc0:	30 97       	sbiw	r30, 0x00	; 0
     fc2:	09 f0       	breq	.+2      	; 0xfc6 <.L143>
     fc4:	09 95       	icall

00000fc6 <.L143>:
     fc6:	ff 91       	pop	r31
     fc8:	ef 91       	pop	r30
     fca:	bf 91       	pop	r27
     fcc:	af 91       	pop	r26
     fce:	9f 91       	pop	r25
     fd0:	8f 91       	pop	r24
     fd2:	7f 91       	pop	r23
     fd4:	6f 91       	pop	r22
     fd6:	5f 91       	pop	r21
     fd8:	4f 91       	pop	r20
     fda:	3f 91       	pop	r19
     fdc:	2f 91       	pop	r18
     fde:	0f 90       	pop	r0
     fe0:	0f be       	out	0x3f, r0	; 63
     fe2:	0f 90       	pop	r0
     fe4:	1f 90       	pop	r1
     fe6:	18 95       	reti

00000fe8 <main>:
     fe8:	0e 94 ea 01 	call	0x3d4	; 0x3d4 <ULTS_Init>
     fec:	81 e0       	ldi	r24, 0x01	; 1
     fee:	0e 94 a1 00 	call	0x142	; 0x142 <LCD_Init>
     ff2:	61 e0       	ldi	r22, 0x01	; 1
     ff4:	80 e0       	ldi	r24, 0x00	; 0
     ff6:	0e 94 07 01 	call	0x20e	; 0x20e <LCD_GotoXY>
     ffa:	61 e0       	ldi	r22, 0x01	; 1
     ffc:	80 e6       	ldi	r24, 0x60	; 96
     ffe:	90 e0       	ldi	r25, 0x00	; 0
    1000:	0e 94 e5 00 	call	0x1ca	; 0x1ca <LCD_WriteString>
    1004:	2f ef       	ldi	r18, 0xFF	; 255
    1006:	80 e7       	ldi	r24, 0x70	; 112
    1008:	92 e0       	ldi	r25, 0x02	; 2

0000100a <.L1^B1>:
    100a:	21 50       	subi	r18, 0x01	; 1
    100c:	80 40       	sbci	r24, 0x00	; 0
    100e:	90 40       	sbci	r25, 0x00	; 0
    1010:	e1 f7       	brne	.-8      	; 0x100a <.L1^B1>
    1012:	00 c0       	rjmp	.+0      	; 0x1014 <L0^A>

00001014 <L0^A>:
    1014:	00 00       	nop
    1016:	61 e0       	ldi	r22, 0x01	; 1
    1018:	81 e0       	ldi	r24, 0x01	; 1
    101a:	0e 94 9c 00 	call	0x138	; 0x138 <LCD_WriteInstruction>

0000101e <.L2>:
    101e:	0e 94 37 02 	call	0x46e	; 0x46e <ULTS_Start>
    1022:	ec 01       	movw	r28, r24
    1024:	61 e0       	ldi	r22, 0x01	; 1
    1026:	80 e0       	ldi	r24, 0x00	; 0
    1028:	0e 94 07 01 	call	0x20e	; 0x20e <LCD_GotoXY>
    102c:	61 e0       	ldi	r22, 0x01	; 1
    102e:	8a e6       	ldi	r24, 0x6A	; 106
    1030:	90 e0       	ldi	r25, 0x00	; 0
    1032:	0e 94 e5 00 	call	0x1ca	; 0x1ca <LCD_WriteString>
    1036:	ce 01       	movw	r24, r28
    1038:	0e 94 25 07 	call	0xe4a	; 0xe4a <TIMER1_captureEvent>
    103c:	60 e0       	ldi	r22, 0x00	; 0
    103e:	81 e0       	ldi	r24, 0x01	; 1
    1040:	0e 94 07 01 	call	0x20e	; 0x20e <LCD_GotoXY>
    1044:	be 01       	movw	r22, r28
    1046:	80 e0       	ldi	r24, 0x00	; 0
    1048:	90 e0       	ldi	r25, 0x00	; 0
    104a:	41 e0       	ldi	r20, 0x01	; 1
    104c:	0e 94 16 01 	call	0x22c	; 0x22c <LCD_Number>
    1050:	2f ef       	ldi	r18, 0xFF	; 255
    1052:	81 ee       	ldi	r24, 0xE1	; 225
    1054:	94 e0       	ldi	r25, 0x04	; 4

00001056 <.L1^B2>:
    1056:	21 50       	subi	r18, 0x01	; 1
    1058:	80 40       	sbci	r24, 0x00	; 0
    105a:	90 40       	sbci	r25, 0x00	; 0
    105c:	e1 f7       	brne	.-8      	; 0x1056 <.L1^B2>
    105e:	00 c0       	rjmp	.+0      	; 0x1060 <L0^A>

00001060 <L0^A>:
    1060:	00 00       	nop
    1062:	dd cf       	rjmp	.-70     	; 0x101e <.L2>

00001064 <__udivmodsi4>:
    1064:	a1 e2       	ldi	r26, 0x21	; 33

00001066 <.Loc.1>:
    1066:	1a 2e       	mov	r1, r26

00001068 <.Loc.2>:
    1068:	aa 1b       	sub	r26, r26

0000106a <.Loc.3>:
    106a:	bb 1b       	sub	r27, r27

0000106c <.Loc.4>:
    106c:	fd 01       	movw	r30, r26

0000106e <.Loc.5>:
    106e:	0d c0       	rjmp	.+26     	; 0x108a <__udivmodsi4_ep>

00001070 <__udivmodsi4_loop>:
    1070:	aa 1f       	adc	r26, r26

00001072 <.Loc.7>:
    1072:	bb 1f       	adc	r27, r27

00001074 <.Loc.8>:
    1074:	ee 1f       	adc	r30, r30

00001076 <.Loc.9>:
    1076:	ff 1f       	adc	r31, r31

00001078 <.Loc.10>:
    1078:	a2 17       	cp	r26, r18

0000107a <.Loc.11>:
    107a:	b3 07       	cpc	r27, r19

0000107c <.Loc.12>:
    107c:	e4 07       	cpc	r30, r20

0000107e <.Loc.13>:
    107e:	f5 07       	cpc	r31, r21

00001080 <.Loc.14>:
    1080:	20 f0       	brcs	.+8      	; 0x108a <__udivmodsi4_ep>

00001082 <.Loc.15>:
    1082:	a2 1b       	sub	r26, r18

00001084 <.Loc.16>:
    1084:	b3 0b       	sbc	r27, r19

00001086 <.Loc.17>:
    1086:	e4 0b       	sbc	r30, r20

00001088 <.Loc.18>:
    1088:	f5 0b       	sbc	r31, r21

0000108a <__udivmodsi4_ep>:
    108a:	66 1f       	adc	r22, r22

0000108c <.Loc.20>:
    108c:	77 1f       	adc	r23, r23

0000108e <.Loc.21>:
    108e:	88 1f       	adc	r24, r24

00001090 <.Loc.22>:
    1090:	99 1f       	adc	r25, r25

00001092 <.Loc.23>:
    1092:	1a 94       	dec	r1

00001094 <.Loc.24>:
    1094:	69 f7       	brne	.-38     	; 0x1070 <__udivmodsi4_loop>

00001096 <.Loc.25>:
    1096:	60 95       	com	r22

00001098 <.Loc.26>:
    1098:	70 95       	com	r23

0000109a <.Loc.27>:
    109a:	80 95       	com	r24

0000109c <.Loc.28>:
    109c:	90 95       	com	r25

0000109e <.Loc.29>:
    109e:	9b 01       	movw	r18, r22

000010a0 <.Loc.30>:
    10a0:	ac 01       	movw	r20, r24

000010a2 <.Loc.31>:
    10a2:	bd 01       	movw	r22, r26

000010a4 <.Loc.32>:
    10a4:	cf 01       	movw	r24, r30

000010a6 <.Loc.33>:
    10a6:	08 95       	ret

000010a8 <__divmodsi4>:
    10a8:	05 2e       	mov	r0, r21

000010aa <.Loc.1>:
    10aa:	97 fb       	bst	r25, 7

000010ac <.Loc.2>:
    10ac:	1e f4       	brtc	.+6      	; 0x10b4 <.L0^B1>

000010ae <.Loc.3>:
    10ae:	00 94       	com	r0

000010b0 <.Loc.4>:
    10b0:	0e 94 6b 08 	call	0x10d6	; 0x10d6 <__negsi2>

000010b4 <.L0^B1>:
    10b4:	57 fd       	sbrc	r21, 7

000010b6 <.Loc.6>:
    10b6:	07 d0       	rcall	.+14     	; 0x10c6 <__divmodsi4_neg2>

000010b8 <.Loc.7>:
    10b8:	0e 94 32 08 	call	0x1064	; 0x1064 <__udivmodsi4>

000010bc <.Loc.8>:
    10bc:	07 fc       	sbrc	r0, 7

000010be <.Loc.9>:
    10be:	03 d0       	rcall	.+6      	; 0x10c6 <__divmodsi4_neg2>

000010c0 <.Loc.10>:
    10c0:	4e f4       	brtc	.+18     	; 0x10d4 <__divmodsi4_exit>

000010c2 <.Loc.11>:
    10c2:	0c 94 6b 08 	jmp	0x10d6	; 0x10d6 <__negsi2>

000010c6 <__divmodsi4_neg2>:
    10c6:	50 95       	com	r21

000010c8 <.Loc.13>:
    10c8:	40 95       	com	r20

000010ca <.Loc.14>:
    10ca:	30 95       	com	r19

000010cc <.Loc.15>:
    10cc:	21 95       	neg	r18

000010ce <.Loc.16>:
    10ce:	3f 4f       	sbci	r19, 0xFF	; 255

000010d0 <.Loc.17>:
    10d0:	4f 4f       	sbci	r20, 0xFF	; 255

000010d2 <.Loc.18>:
    10d2:	5f 4f       	sbci	r21, 0xFF	; 255

000010d4 <__divmodsi4_exit>:
    10d4:	08 95       	ret

000010d6 <__negsi2>:
    10d6:	90 95       	com	r25
    10d8:	80 95       	com	r24
    10da:	70 95       	com	r23
    10dc:	61 95       	neg	r22
    10de:	7f 4f       	sbci	r23, 0xFF	; 255
    10e0:	8f 4f       	sbci	r24, 0xFF	; 255
    10e2:	9f 4f       	sbci	r25, 0xFF	; 255

000010e4 <.Loc.1>:
    10e4:	08 95       	ret

000010e6 <__tablejump2__>:
    10e6:	ee 0f       	add	r30, r30

000010e8 <.Loc.1>:
    10e8:	ff 1f       	adc	r31, r31

000010ea <.Loc.2>:
    10ea:	05 90       	lpm	r0, Z+

000010ec <.Loc.3>:
    10ec:	f4 91       	lpm	r31, Z

000010ee <.Loc.4>:
    10ee:	e0 2d       	mov	r30, r0

000010f0 <.Loc.5>:
    10f0:	09 94       	ijmp

000010f2 <__muldi3>:
    10f2:	df 93       	push	r29

000010f4 <.Loc.1>:
    10f4:	cf 93       	push	r28

000010f6 <.Loc.2>:
    10f6:	1f 93       	push	r17

000010f8 <.Loc.3>:
    10f8:	0f 93       	push	r16

000010fa <.Loc.4>:
    10fa:	9a 9d       	mul	r25, r10
    10fc:	f0 2d       	mov	r31, r0

000010fe <.Loc.5>:
    10fe:	21 9f       	mul	r18, r17
    1100:	f0 0d       	add	r31, r0

00001102 <.Loc.6>:
    1102:	8b 9d       	mul	r24, r11
    1104:	f0 0d       	add	r31, r0

00001106 <.Loc.7>:
    1106:	8a 9d       	mul	r24, r10
    1108:	e0 2d       	mov	r30, r0
    110a:	f1 0d       	add	r31, r1

0000110c <.Loc.8>:
    110c:	03 9f       	mul	r16, r19
    110e:	f0 0d       	add	r31, r0

00001110 <.Loc.9>:
    1110:	02 9f       	mul	r16, r18
    1112:	e0 0d       	add	r30, r0
    1114:	f1 1d       	adc	r31, r1

00001116 <.Loc.10>:
    1116:	4e 9d       	mul	r20, r14
    1118:	e0 0d       	add	r30, r0
    111a:	f1 1d       	adc	r31, r1

0000111c <.Loc.11>:
    111c:	5e 9d       	mul	r21, r14
    111e:	f0 0d       	add	r31, r0

00001120 <.Loc.12>:
    1120:	4f 9d       	mul	r20, r15
    1122:	f0 0d       	add	r31, r0

00001124 <.Loc.13>:
    1124:	7f 93       	push	r23

00001126 <.Loc.14>:
    1126:	6f 93       	push	r22

00001128 <.Loc.15>:
    1128:	bf 92       	push	r11

0000112a <.Loc.16>:
    112a:	af 92       	push	r10

0000112c <.Loc.17>:
    112c:	5f 93       	push	r21

0000112e <.Loc.18>:
    112e:	4f 93       	push	r20

00001130 <.Loc.19>:
    1130:	d5 01       	movw	r26, r10

00001132 <.Loc.20>:
    1132:	0e 94 3c 09 	call	0x1278	; 0x1278 <__umulhisi3>

00001136 <.Loc.21>:
    1136:	8b 01       	movw	r16, r22

00001138 <.Loc.22>:
    1138:	ac 01       	movw	r20, r24

0000113a <.Loc.23>:
    113a:	d7 01       	movw	r26, r14

0000113c <.Loc.24>:
    113c:	0e 94 3c 09 	call	0x1278	; 0x1278 <__umulhisi3>
    1140:	eb 01       	movw	r28, r22
    1142:	e8 0f       	add	r30, r24
    1144:	f9 1f       	adc	r31, r25

00001146 <.Loc.25>:
    1146:	d6 01       	movw	r26, r12

00001148 <.Loc.26>:
    1148:	0e 94 c8 08 	call	0x1190	; 0x1190 <__muldi3_6>

0000114c <.Loc.27>:
    114c:	2f 91       	pop	r18

0000114e <.Loc.28>:
    114e:	3f 91       	pop	r19

00001150 <.Loc.29>:
    1150:	d6 01       	movw	r26, r12

00001152 <.Loc.30>:
    1152:	0e 94 3c 09 	call	0x1278	; 0x1278 <__umulhisi3>
    1156:	c6 0f       	add	r28, r22
    1158:	d7 1f       	adc	r29, r23
    115a:	e8 1f       	adc	r30, r24
    115c:	f9 1f       	adc	r31, r25

0000115e <.Loc.31>:
    115e:	af 91       	pop	r26

00001160 <.Loc.32>:
    1160:	bf 91       	pop	r27

00001162 <.Loc.33>:
    1162:	0e 94 c8 08 	call	0x1190	; 0x1190 <__muldi3_6>

00001166 <.Loc.34>:
    1166:	2f 91       	pop	r18

00001168 <.Loc.35>:
    1168:	3f 91       	pop	r19

0000116a <.Loc.36>:
    116a:	0e 94 3c 09 	call	0x1278	; 0x1278 <__umulhisi3>
    116e:	c6 0f       	add	r28, r22
    1170:	d7 1f       	adc	r29, r23
    1172:	e8 1f       	adc	r30, r24
    1174:	f9 1f       	adc	r31, r25

00001176 <.Loc.37>:
    1176:	d6 01       	movw	r26, r12

00001178 <.Loc.38>:
    1178:	0e 94 3c 09 	call	0x1278	; 0x1278 <__umulhisi3>
    117c:	e6 0f       	add	r30, r22
    117e:	f7 1f       	adc	r31, r23

00001180 <.Loc.39>:
    1180:	98 01       	movw	r18, r16

00001182 <.Loc.40>:
    1182:	be 01       	movw	r22, r28

00001184 <.Loc.41>:
    1184:	cf 01       	movw	r24, r30

00001186 <.Loc.42>:
    1186:	0f 91       	pop	r16

00001188 <.Loc.43>:
    1188:	1f 91       	pop	r17

0000118a <.Loc.44>:
    118a:	cf 91       	pop	r28

0000118c <.Loc.45>:
    118c:	df 91       	pop	r29

0000118e <.Loc.46>:
    118e:	08 95       	ret

00001190 <__muldi3_6>:
    1190:	0e 94 3c 09 	call	0x1278	; 0x1278 <__umulhisi3>

00001194 <.Loc.1>:
    1194:	46 0f       	add	r20, r22

00001196 <.Loc.2>:
    1196:	57 1f       	adc	r21, r23

00001198 <.Loc.3>:
    1198:	c8 1f       	adc	r28, r24

0000119a <.Loc.4>:
    119a:	d9 1f       	adc	r29, r25

0000119c <.Loc.5>:
    119c:	08 f4       	brcc	.+2      	; 0x11a0 <.L0^B1>

0000119e <.Loc.6>:
    119e:	31 96       	adiw	r30, 0x01	; 1

000011a0 <.L0^B1>:
    11a0:	08 95       	ret

000011a2 <__umoddi3>:
    11a2:	68 94       	set

000011a4 <.Loc.1>:
    11a4:	01 c0       	rjmp	.+2      	; 0x11a8 <__udivdi3_umoddi3>

000011a6 <__udivdi3>:
    11a6:	e8 94       	clt

000011a8 <__udivdi3_umoddi3>:
    11a8:	8f 92       	push	r8

000011aa <.Loc.4>:
    11aa:	9f 92       	push	r9

000011ac <.Loc.5>:
    11ac:	cf 93       	push	r28

000011ae <.Loc.6>:
    11ae:	df 93       	push	r29

000011b0 <.Loc.7>:
    11b0:	0e 94 df 08 	call	0x11be	; 0x11be <__udivmod64>

000011b4 <.Loc.8>:
    11b4:	df 91       	pop	r29

000011b6 <.Loc.9>:
    11b6:	cf 91       	pop	r28

000011b8 <.Loc.10>:
    11b8:	9f 90       	pop	r9

000011ba <.Loc.11>:
    11ba:	8f 90       	pop	r8

000011bc <.Loc.12>:
    11bc:	08 95       	ret

000011be <__udivmod64>:
    11be:	88 24       	eor	r8, r8

000011c0 <.Loc.1>:
    11c0:	99 24       	eor	r9, r9

000011c2 <.Loc.2>:
    11c2:	f4 01       	movw	r30, r8

000011c4 <.Loc.3>:
    11c4:	e4 01       	movw	r28, r8

000011c6 <.Loc.4>:
    11c6:	b0 e4       	ldi	r27, 0x40	; 64

000011c8 <.Loc.5>:
    11c8:	9f 93       	push	r25

000011ca <.Loc.6>:
    11ca:	aa 27       	eor	r26, r26

000011cc <.L1^B1>:
    11cc:	9a 15       	cp	r25, r10
    11ce:	8b 04       	cpc	r8, r11
    11d0:	9c 04       	cpc	r9, r12
    11d2:	ed 05       	cpc	r30, r13

000011d4 <.Loc.8>:
    11d4:	fe 05       	cpc	r31, r14
    11d6:	cf 05       	cpc	r28, r15
    11d8:	d0 07       	cpc	r29, r16
    11da:	a1 07       	cpc	r26, r17

000011dc <.Loc.9>:
    11dc:	98 f4       	brcc	.+38     	; 0x1204 <.L2^B1>

000011de <.Loc.10>:
    11de:	ad 2f       	mov	r26, r29
    11e0:	dc 2f       	mov	r29, r28
    11e2:	cf 2f       	mov	r28, r31

000011e4 <.Loc.11>:
    11e4:	fe 2f       	mov	r31, r30
    11e6:	e9 2d       	mov	r30, r9
    11e8:	98 2c       	mov	r9, r8
    11ea:	89 2e       	mov	r8, r25

000011ec <.Loc.12>:
    11ec:	98 2f       	mov	r25, r24
    11ee:	87 2f       	mov	r24, r23
    11f0:	76 2f       	mov	r23, r22
    11f2:	65 2f       	mov	r22, r21

000011f4 <.Loc.13>:
    11f4:	54 2f       	mov	r21, r20
    11f6:	43 2f       	mov	r20, r19
    11f8:	32 2f       	mov	r19, r18
    11fa:	22 27       	eor	r18, r18

000011fc <.Loc.14>:
    11fc:	b8 50       	subi	r27, 0x08	; 8

000011fe <.Loc.15>:
    11fe:	31 f7       	brne	.-52     	; 0x11cc <.L1^B1>

00001200 <.Loc.16>:
    1200:	bf 91       	pop	r27

00001202 <.Loc.17>:
    1202:	27 c0       	rjmp	.+78     	; 0x1252 <.L5^B1>

00001204 <.L2^B1>:
    1204:	1b 2e       	mov	r1, r27

00001206 <.Loc.19>:
    1206:	bf 91       	pop	r27

00001208 <.Loc.20>:
    1208:	bb 27       	eor	r27, r27

0000120a <.L3^B1>:
    120a:	22 0f       	add	r18, r18
    120c:	33 1f       	adc	r19, r19
    120e:	44 1f       	adc	r20, r20
    1210:	55 1f       	adc	r21, r21

00001212 <.Loc.22>:
    1212:	66 1f       	adc	r22, r22
    1214:	77 1f       	adc	r23, r23
    1216:	88 1f       	adc	r24, r24
    1218:	99 1f       	adc	r25, r25

0000121a <.Loc.23>:
    121a:	88 1c       	adc	r8, r8
    121c:	99 1c       	adc	r9, r9
    121e:	ee 1f       	adc	r30, r30
    1220:	ff 1f       	adc	r31, r31

00001222 <.Loc.24>:
    1222:	cc 1f       	adc	r28, r28
    1224:	dd 1f       	adc	r29, r29
    1226:	aa 1f       	adc	r26, r26
    1228:	bb 1f       	adc	r27, r27

0000122a <.Loc.25>:
    122a:	8a 14       	cp	r8, r10
    122c:	9b 04       	cpc	r9, r11
    122e:	ec 05       	cpc	r30, r12
    1230:	fd 05       	cpc	r31, r13

00001232 <.Loc.26>:
    1232:	ce 05       	cpc	r28, r14
    1234:	df 05       	cpc	r29, r15
    1236:	a0 07       	cpc	r26, r16
    1238:	b1 07       	cpc	r27, r17

0000123a <.Loc.27>:
    123a:	48 f0       	brcs	.+18     	; 0x124e <.L4^B1>

0000123c <.Loc.28>:
    123c:	8a 18       	sub	r8, r10
    123e:	9b 08       	sbc	r9, r11
    1240:	ec 09       	sbc	r30, r12
    1242:	fd 09       	sbc	r31, r13

00001244 <.Loc.29>:
    1244:	ce 09       	sbc	r28, r14
    1246:	df 09       	sbc	r29, r15
    1248:	a0 0b       	sbc	r26, r16
    124a:	b1 0b       	sbc	r27, r17

0000124c <.Loc.30>:
    124c:	21 60       	ori	r18, 0x01	; 1

0000124e <.L4^B1>:
    124e:	1a 94       	dec	r1

00001250 <.Loc.32>:
    1250:	e1 f6       	brne	.-72     	; 0x120a <.L3^B1>

00001252 <.L5^B1>:
    1252:	2e f4       	brtc	.+10     	; 0x125e <.L6^B1>

00001254 <.Loc.34>:
    1254:	94 01       	movw	r18, r8

00001256 <.Loc.35>:
    1256:	af 01       	movw	r20, r30

00001258 <.Loc.36>:
    1258:	be 01       	movw	r22, r28

0000125a <.Loc.37>:
    125a:	cd 01       	movw	r24, r26

0000125c <.Loc.38>:
    125c:	00 0c       	add	r0, r0

0000125e <.L6^B1>:
    125e:	08 95       	ret

00001260 <__cmpdi2_s8>:
    1260:	00 24       	eor	r0, r0

00001262 <.Loc.1>:
    1262:	a7 fd       	sbrc	r26, 7

00001264 <.Loc.2>:
    1264:	00 94       	com	r0

00001266 <.Loc.3>:
    1266:	2a 17       	cp	r18, r26
    1268:	30 05       	cpc	r19, r0
    126a:	40 05       	cpc	r20, r0
    126c:	50 05       	cpc	r21, r0

0000126e <.Loc.4>:
    126e:	60 05       	cpc	r22, r0
    1270:	70 05       	cpc	r23, r0
    1272:	80 05       	cpc	r24, r0
    1274:	90 05       	cpc	r25, r0

00001276 <.Loc.5>:
    1276:	08 95       	ret

00001278 <__umulhisi3>:
    1278:	a2 9f       	mul	r26, r18

0000127a <.Loc.1>:
    127a:	b0 01       	movw	r22, r0

0000127c <.Loc.2>:
    127c:	b3 9f       	mul	r27, r19

0000127e <.Loc.3>:
    127e:	c0 01       	movw	r24, r0

00001280 <.Loc.4>:
    1280:	a3 9f       	mul	r26, r19

00001282 <.Loc.5>:
    1282:	70 0d       	add	r23, r0

00001284 <.Loc.6>:
    1284:	81 1d       	adc	r24, r1

00001286 <.Loc.7>:
    1286:	11 24       	eor	r1, r1

00001288 <.Loc.8>:
    1288:	91 1d       	adc	r25, r1

0000128a <.Loc.9>:
    128a:	b2 9f       	mul	r27, r18

0000128c <.Loc.10>:
    128c:	70 0d       	add	r23, r0

0000128e <.Loc.11>:
    128e:	81 1d       	adc	r24, r1

00001290 <.Loc.12>:
    1290:	11 24       	eor	r1, r1

00001292 <.Loc.13>:
    1292:	91 1d       	adc	r25, r1

00001294 <.Loc.14>:
    1294:	08 95       	ret

00001296 <_exit>:
    1296:	f8 94       	cli

00001298 <__stop_program>:
    1298:	ff cf       	rjmp	.-2      	; 0x1298 <__stop_program>

0000129a <L0^A>:
    129a:	04 06       	cpc	r0, r20
    129c:	fe 05       	cpc	r31, r14
    129e:	fb 05       	cpc	r31, r11
    12a0:	f8 05       	cpc	r31, r8
    12a2:	ee 05       	cpc	r30, r14
    12a4:	80 04       	cpc	r8, r0
    12a6:	b3 05       	cpc	r27, r3
    12a8:	8b 05       	cpc	r24, r11

000012aa <.L5>:
    12aa:	7b 05       	cpc	r23, r11
    12ac:	79 05       	cpc	r23, r9
    12ae:	53 05       	cpc	r21, r3
    12b0:	2b 05       	cpc	r18, r11
    12b2:	1d 05       	cpc	r17, r13
    12b4:	f4 04       	cpc	r15, r4
    12b6:	be 04       	cpc	r11, r14
    12b8:	89 05       	cpc	r24, r9
